15.02.2019 15:52:47,226
15.02.2019 15:59:37,570
15.02.2019 16:19:02,117
15.02.2019 16:25:04,142
15.02.2019 16:31:07,103
15.02.2019 16:37:08,106
15.02.2019 16:43:08,120
15.02.2019 16:49:09,80
15.02.2019 16:55:09,67
15.02.2019 17:01:11,61
15.02.2019 17:07:13,77
15.02.2019 17:13:13,80
15.02.2019 17:19:15,37
15.02.2019 17:25:18,25
15.02.2019 17:31:20,17
15.02.2019 17:37:20,11
16.02.2019 07:46:25,13
16.02.2019 07:52:27,19
16.02.2019 07:58:27,25
16.02.2019 08:04:28,32
16.02.2019 08:10:31,38
16.02.2019 08:16:31,48
16.02.2019 08:22:33,59
16.02.2019 08:28:35,70
16.02.2019 08:34:37,96
16.02.2019 08:40:39,132
16.02.2019 08:46:41,176
16.02.2019 08:52:41,222
16.02.2019 08:58:42,267
16.02.2019 09:04:42,305
16.02.2019 09:10:43,340
16.02.2019 09:16:45,385
16.02.2019 09:22:45,428
16.02.2019 09:28:46,449
16.02.2019 09:34:48,463
16.02.2019 09:40:51,482
16.02.2019 09:46:53,509
16.02.2019 09:52:54,540
16.02.2019 09:58:56,562
16.02.2019 10:04:57,581
16.02.2019 10:11:00,599
16.02.2019 10:17:00,627
16.02.2019 10:23:02,651
16.02.2019 10:29:03,685
16.02.2019 10:35:04,727
16.02.2019 10:41:05,765
16.02.2019 10:47:09,807
16.02.2019 10:53:11,895
16.02.2019 10:59:11,1010
16.02.2019 11:05:12,51514
16.02.2019 11:11:14,1280
16.02.2019 11:17:16,1189
16.02.2019 11:23:16,1081
16.02.2019 11:29:19,940
16.02.2019 11:35:20,849
16.02.2019 11:41:21,810
16.02.2019 11:47:22,790
16.02.2019 11:53:23,796
16.02.2019 11:59:24,785
16.02.2019 12:05:25,749
16.02.2019 12:11:27,756
16.02.2019 12:17:28,751
16.02.2019 12:23:30,798
16.02.2019 12:29:32,833
16.02.2019 12:35:34,893
16.02.2019 12:41:36,995
16.02.2019 12:47:37,1359
16.02.2019 12:53:38,54612
16.02.2019 12:59:39,54612
16.02.2019 13:05:42,12275
16.02.2019 13:11:43,1765
16.02.2019 13:17:46,54612
16.02.2019 13:23:46,54612
16.02.2019 13:29:48,54612
16.02.2019 13:35:48,54612
16.02.2019 13:41:50,54612
16.02.2019 13:47:51,54612
16.02.2019 13:53:52,54612
16.02.2019 13:59:54,54612
16.02.2019 14:05:55,54612
16.02.2019 14:11:58,54612
16.02.2019 14:18:00,54612
16.02.2019 14:24:02,54612
16.02.2019 14:30:03,54612
16.02.2019 14:36:04,54612
16.02.2019 14:42:05,3831
16.02.2019 14:48:07,2572
16.02.2019 14:54:09,2005
16.02.2019 15:00:10,1769
16.02.2019 15:06:11,1695
16.02.2019 15:12:13,1530
16.02.2019 15:18:14,1387
16.02.2019 15:24:15,1285
16.02.2019 15:30:16,1235
16.02.2019 15:36:16,1143
16.02.2019 15:42:16,904
16.02.2019 15:48:19,794
16.02.2019 15:54:20,763
16.02.2019 16:00:22,711
16.02.2019 16:06:23,675
16.02.2019 16:12:24,605
16.02.2019 16:18:24,580
16.02.2019 16:24:26,550
16.02.2019 16:30:27,496
16.02.2019 16:36:29,450
16.02.2019 16:42:31,422
16.02.2019 16:48:34,362
16.02.2019 16:54:34,305
16.02.2019 17:00:35,265
16.02.2019 17:06:35,206
16.02.2019 17:12:36,149
16.02.2019 17:18:37,110
16.02.2019 17:24:40,78
16.02.2019 17:30:40,53
16.02.2019 17:36:40,32
17.02.2019 10:34:31,40968
17.02.2019 10:40:32,14153
17.02.2019 10:46:34,2787
17.02.2019 10:52:36,2430
17.02.2019 10:58:37,2210
17.02.2019 11:04:38,1842
17.02.2019 11:10:39,1711
17.02.2019 11:16:41,1499
17.02.2019 11:22:43,1650
17.02.2019 11:28:43,1655
17.02.2019 11:34:45,1756
17.02.2019 11:40:47,1934
17.02.2019 11:46:49,2270
17.02.2019 11:52:50,2865
17.02.2019 11:58:52,3111
17.02.2019 12:04:53,3317
17.02.2019 12:10:56,3556
17.02.2019 12:16:57,3564
17.02.2019 12:22:59,6051
17.02.2019 12:28:59,54612
17.02.2019 12:35:00,13980
17.02.2019 12:41:01,3955
17.02.2019 12:47:01,3374
17.02.2019 12:53:04,3569
17.02.2019 12:59:04,3829
17.02.2019 13:05:05,5950
17.02.2019 13:11:06,6933
17.02.2019 13:17:08,27445
17.02.2019 13:23:09,54612
17.02.2019 13:29:09,54612
17.02.2019 13:35:10,53941
17.02.2019 13:41:11,53867
17.02.2019 13:47:13,53044
17.02.2019 13:53:15,50059
17.02.2019 13:59:15,50974
17.02.2019 14:05:17,42241
17.02.2019 14:11:17,39729
17.02.2019 14:17:20,4745
17.02.2019 14:23:20,3363
17.02.2019 14:29:23,2991
17.02.2019 14:35:25,2700
17.02.2019 14:41:25,2460
17.02.2019 14:47:26,2276
17.02.2019 14:53:28,2203
17.02.2019 14:59:29,2086
17.02.2019 15:05:32,1925
17.02.2019 15:11:33,1760
17.02.2019 15:17:34,1692
17.02.2019 15:23:35,1619
17.02.2019 15:29:36,1460
17.02.2019 15:35:37,1255
17.02.2019 15:41:39,1074
17.02.2019 15:47:41,808
17.02.2019 15:53:42,745
17.02.2019 15:59:44,670
17.02.2019 16:05:45,595
17.02.2019 16:11:46,544
17.02.2019 16:17:48,489
17.02.2019 16:23:49,449
17.02.2019 16:29:51,380
17.02.2019 16:35:52,352
17.02.2019 16:41:53,330
17.02.2019 16:47:54,280
17.02.2019 16:53:54,247
17.02.2019 16:59:55,205
17.02.2019 17:05:55,172
17.02.2019 17:11:56,155
17.02.2019 17:17:59,114
17.02.2019 17:24:01,79
17.02.2019 17:30:03,50
17.02.2019 17:36:06,28
18.02.2019 07:39:05,22
18.02.2019 07:45:07,36
18.02.2019 07:51:09,52
18.02.2019 07:57:12,69
18.02.2019 08:03:14,86
18.02.2019 08:09:16,106
18.02.2019 08:15:17,124
18.02.2019 08:21:19,145
18.02.2019 08:27:20,165
18.02.2019 08:33:21,195
18.02.2019 08:39:23,236
18.02.2019 08:45:24,296
18.02.2019 08:51:26,355
18.02.2019 08:57:27,420
18.02.2019 09:03:28,490
18.02.2019 09:09:30,547
18.02.2019 09:15:30,603
18.02.2019 09:21:30,644
18.02.2019 09:27:32,675
18.02.2019 09:33:32,715
18.02.2019 09:39:34,753
18.02.2019 09:45:35,780
18.02.2019 09:51:35,815
18.02.2019 09:57:36,853
18.02.2019 10:03:39,885
18.02.2019 10:09:42,906
18.02.2019 10:15:44,958
18.02.2019 10:27:00,5748
18.02.2019 10:33:01,46912
18.02.2019 10:39:02,17667
18.02.2019 10:45:04,2311
18.02.2019 10:51:06,2237
18.02.2019 10:57:08,2125
18.02.2019 11:03:09,1937
18.02.2019 11:09:10,1592
18.02.2019 11:15:12,1530
18.02.2019 11:21:15,1400
18.02.2019 11:27:17,1428
18.02.2019 11:33:17,1535
18.02.2019 11:39:19,1664
18.02.2019 11:45:19,1948
18.02.2019 11:51:21,2501
18.02.2019 11:57:22,2812
18.02.2019 12:03:23,3153
18.02.2019 12:09:26,2979
18.02.2019 12:15:28,2977
18.02.2019 12:21:30,23856
18.02.2019 12:27:31,54612
18.02.2019 12:33:31,5849
18.02.2019 12:39:31,3106
18.02.2019 12:45:33,3020
18.02.2019 12:51:35,3200
18.02.2019 12:57:37,4953
18.02.2019 13:03:38,12606
18.02.2019 13:09:39,13942
18.02.2019 13:15:39,54612
18.02.2019 13:21:41,54612
18.02.2019 13:27:42,54612
18.02.2019 13:33:43,54612
18.02.2019 13:39:46,54612
18.02.2019 13:45:47,54612
18.02.2019 13:51:48,54612
18.02.2019 13:57:49,54612
18.02.2019 14:03:49,54612
18.02.2019 14:09:50,54612
18.02.2019 14:15:51,3444
18.02.2019 14:21:51,2599
18.02.2019 14:27:54,2251
18.02.2019 14:33:55,2139
18.02.2019 14:39:57,2040
18.02.2019 14:45:58,1967
18.02.2019 14:51:59,1908
18.02.2019 14:58:01,1797
18.02.2019 15:04:02,1759
18.02.2019 15:10:03,1738
18.02.2019 15:16:05,1786
18.02.2019 15:22:07,1772
18.02.2019 15:28:09,1701
18.02.2019 15:34:10,1627
18.02.2019 15:40:11,1173
18.02.2019 15:46:13,560
18.02.2019 15:52:15,449
18.02.2019 15:58:17,432
18.02.2019 16:04:19,342
18.02.2019 16:10:20,327
18.02.2019 16:16:20,341
18.02.2019 16:22:23,304
18.02.2019 16:28:23,289
18.02.2019 16:34:25,256
18.02.2019 16:40:25,256
18.02.2019 16:46:27,245
18.02.2019 16:52:28,245
18.02.2019 16:58:30,175
18.02.2019 17:04:32,137
18.02.2019 17:10:34,122
18.02.2019 17:16:36,106
18.02.2019 17:22:36,80
18.02.2019 17:28:37,50
18.02.2019 17:34:40,30
18.02.2019 17:40:42,20
19.02.2019 14:37:04,1870
19.02.2019 14:37:16,2000
19.02.2019 14:37:27,1883
19.02.2019 14:37:39,1866
19.02.2019 14:37:50,1785
19.02.2019 14:38:01,1726
19.02.2019 14:38:13,2392
19.02.2019 14:38:25,2310
19.02.2019 14:38:36,2584
19.02.2019 14:38:47,2632
19.02.2019 14:38:59,2815
19.02.2019 14:39:21,2945
19.02.2019 14:39:33,3024
19.02.2019 14:39:45,3070
19.02.2019 14:39:56,3102
19.02.2019 14:40:20,2846
19.02.2019 14:40:31,2768
19.02.2019 14:40:43,2694
19.02.2019 14:40:54,2718
19.02.2019 14:41:06,2415
19.02.2019 14:41:17,2048
19.02.2019 14:41:28,1904
19.02.2019 14:41:39,1831
19.02.2019 14:41:51,1784
19.02.2019 14:42:08,1752
