01.12.2019 12:23:50,43
01.12.2019 12:24:56,40
01.12.2019 12:25:38,38
01.12.2019 12:26:06,37
01.12.2019 12:26:30,37
01.12.2019 12:27:44,35
01.12.2019 12:28:55,35
01.12.2019 12:29:18,35
01.12.2019 12:31:21,35
01.12.2019 12:32:19,34
01.12.2019 12:33:15,34
01.12.2019 12:38:58,30
01.12.2019 12:40:26,30
01.12.2019 12:41:10,30
01.12.2019 12:44:09,30
01.12.2019 12:45:11,30
01.12.2019 12:47:18,29
01.12.2019 12:49:43,28
01.12.2019 12:50:31,28
01.12.2019 12:51:32,28
01.12.2019 12:52:51,28
01.12.2019 12:53:47,28
01.12.2019 12:58:28,28
01.12.2019 13:04:30,29
01.12.2019 13:06:32,29
01.12.2019 13:10:32,31
01.12.2019 13:16:33,35
01.12.2019 13:22:35,30
01.12.2019 13:28:35,30
01.12.2019 13:34:36,30
01.12.2019 13:40:37,31
01.12.2019 13:46:38,33
01.12.2019 13:52:39,26
01.12.2019 13:58:40,24
01.12.2019 14:04:42,23
01.12.2019 14:10:43,21
01.12.2019 14:16:44,20
01.12.2019 14:22:45,20
01.12.2019 14:28:47,18
01.12.2019 14:34:48,17
01.12.2019 14:40:50,15
01.12.2019 14:46:51,13
01.12.2019 14:52:52,11
01.12.2019 14:58:53,11
01.12.2019 15:04:55,10
01.12.2019 15:10:56,9
01.12.2019 15:16:57,8
01.12.2019 15:22:59,8
01.12.2019 15:29:00,7
01.12.2019 15:35:02,5
01.12.2019 15:36:51,15
01.12.2019 15:42:53,28
01.12.2019 16:06:25,0
01.12.2019 16:12:26,25
02.12.2019 08:12:02,0
02.12.2019 08:18:02,0
02.12.2019 08:24:04,0
02.12.2019 08:30:06,0
02.12.2019 08:36:07,0
02.12.2019 08:42:08,0
02.12.2019 08:48:09,0
02.12.2019 08:54:10,1
02.12.2019 09:00:12,1
02.12.2019 09:06:13,2
02.12.2019 09:12:13,1
02.12.2019 09:18:14,1
02.12.2019 09:24:17,3
02.12.2019 09:30:17,2
02.12.2019 09:36:18,3
02.12.2019 09:42:18,3
02.12.2019 09:48:19,4
02.12.2019 09:54:19,3
02.12.2019 10:00:19,4
02.12.2019 10:06:20,2
02.12.2019 10:12:22,2
02.12.2019 10:18:23,2
02.12.2019 10:24:23,6
02.12.2019 10:30:26,5
02.12.2019 10:36:26,5
02.12.2019 10:42:29,6
02.12.2019 10:46:58,20
02.12.2019 10:48:16,22
02.12.2019 10:48:31,22
02.12.2019 10:54:32,39
02.12.2019 11:02:36,21
02.12.2019 11:08:37,25
02.12.2019 11:14:38,22
02.12.2019 11:20:40,22
02.12.2019 11:26:40,26
02.12.2019 11:32:42,25
02.12.2019 11:38:43,25
02.12.2019 11:44:45,26
02.12.2019 11:50:46,25
02.12.2019 11:56:56,23
02.12.2019 12:02:57,23
02.12.2019 12:09:00,25
02.12.2019 12:15:00,25
02.12.2019 12:21:00,27
02.12.2019 12:23:39,26
02.12.2019 12:24:26,26
02.12.2019 12:30:27,37
02.12.2019 12:35:02,33
02.12.2019 12:36:27,15
02.12.2019 12:42:29,18
02.12.2019 12:48:29,14
02.12.2019 12:54:30,9
02.12.2019 13:00:31,15
02.12.2019 13:06:33,8
02.12.2019 13:12:34,7
02.12.2019 13:18:37,5
02.12.2019 13:24:39,4
02.12.2019 13:30:41,10
02.12.2019 13:36:42,12
02.12.2019 13:42:44,7
02.12.2019 13:48:46,12
02.12.2019 13:54:46,6
02.12.2019 14:00:48,5
02.12.2019 14:06:49,3
02.12.2019 14:12:51,4
02.12.2019 14:18:52,4
02.12.2019 14:24:52,10
02.12.2019 14:30:54,7
02.12.2019 14:36:56,14
02.12.2019 14:42:57,4
02.12.2019 14:48:58,3
02.12.2019 14:55:00,11
02.12.2019 15:01:01,5
02.12.2019 15:07:04,8
02.12.2019 15:13:05,3
02.12.2019 15:19:07,2
02.12.2019 15:25:07,3
02.12.2019 15:31:07,1
02.12.2019 15:37:08,0
02.12.2019 15:43:08,0
02.12.2019 15:49:08,0
02.12.2019 15:55:09,0
02.12.2019 16:01:10,0
02.12.2019 16:07:12,0
02.12.2019 16:13:14,0
02.12.2019 16:19:15,0
03.12.2019 08:16:18,8
03.12.2019 08:22:22,9
03.12.2019 08:28:22,9
03.12.2019 08:34:25,9
03.12.2019 08:40:25,9
03.12.2019 08:46:26,10
03.12.2019 08:52:29,10
03.12.2019 08:58:31,10
03.12.2019 09:04:33,10
03.12.2019 09:10:33,10
03.12.2019 09:16:33,11
03.12.2019 09:22:35,13
03.12.2019 09:28:36,14
03.12.2019 09:34:38,27
03.12.2019 09:40:41,76
03.12.2019 09:46:42,23
03.12.2019 09:52:45,23
03.12.2019 09:58:46,26
03.12.2019 10:04:46,37
03.12.2019 10:10:48,43
03.12.2019 10:16:48,78
03.12.2019 10:22:48,52
03.12.2019 10:28:50,55
03.12.2019 10:34:53,50
03.12.2019 10:40:54,45
03.12.2019 10:46:55,28
03.12.2019 10:52:56,24
03.12.2019 10:58:58,25
03.12.2019 11:05:00,26
03.12.2019 11:11:02,25
03.12.2019 11:17:05,27
03.12.2019 11:23:09,37
03.12.2019 11:29:08,51
03.12.2019 11:35:11,50
03.12.2019 11:41:12,29
03.12.2019 11:47:15,29
03.12.2019 11:53:16,34
03.12.2019 11:59:18,39
03.12.2019 12:05:18,41
03.12.2019 12:10:41,37
03.12.2019 12:11:20,34
03.12.2019 12:13:39,35
03.12.2019 12:13:44,35
03.12.2019 12:17:22,33
03.12.2019 12:36:02,31
03.12.2019 15:23:22,109
03.12.2019 15:25:34,10
03.12.2019 15:28:19,10
03.12.2019 15:30:31,10
03.12.2019 15:32:35,17
03.12.2019 15:34:48,16
03.12.2019 15:37:54,16
03.12.2019 15:38:44,16
03.12.2019 15:40:13,16
03.12.2019 15:41:18,16
03.12.2019 15:42:40,16
03.12.2019 15:46:30,15
03.12.2019 15:49:56,15
03.12.2019 15:51:27,15
03.12.2019 15:51:48,15
03.12.2019 16:08:34,15
03.12.2019 16:12:00,15
03.12.2019 16:18:04,15
04.12.2019 08:14:35,1
04.12.2019 08:20:37,3
04.12.2019 08:26:38,5
04.12.2019 08:32:39,6
04.12.2019 08:38:41,10
04.12.2019 08:44:42,14
04.12.2019 08:50:44,27
04.12.2019 08:56:45,39
04.12.2019 09:02:45,93
04.12.2019 09:08:47,134
04.12.2019 09:14:49,168
04.12.2019 09:20:49,213
04.12.2019 09:26:51,219
04.12.2019 09:32:52,240
04.12.2019 09:38:52,245
04.12.2019 09:44:53,258
04.12.2019 09:50:54,265
04.12.2019 09:56:56,273
04.12.2019 10:02:58,280
04.12.2019 10:09:00,294
04.12.2019 10:15:02,293
04.12.2019 10:21:04,363
04.12.2019 10:27:08,315
04.12.2019 10:33:09,281
04.12.2019 10:39:11,275
04.12.2019 10:45:11,314
04.12.2019 10:51:12,298
04.12.2019 10:57:14,292
04.12.2019 11:03:15,303
04.12.2019 11:09:16,325
04.12.2019 11:15:16,356
04.12.2019 11:21:17,368
04.12.2019 11:27:17,380
04.12.2019 11:33:19,393
04.12.2019 11:39:21,395
04.12.2019 11:45:22,394
04.12.2019 11:51:25,366
04.12.2019 11:57:27,408
04.12.2019 12:03:30,416
04.12.2019 12:09:29,410
04.12.2019 12:15:30,395
04.12.2019 12:21:32,392
04.12.2019 12:27:33,375
04.12.2019 12:33:34,359
04.12.2019 12:39:35,267
04.12.2019 12:45:35,210
04.12.2019 12:51:37,86
04.12.2019 12:57:39,75
04.12.2019 13:03:39,72
04.12.2019 13:09:40,75
04.12.2019 13:15:40,92
04.12.2019 13:21:42,150
04.12.2019 13:27:44,202
04.12.2019 13:33:46,258
04.12.2019 13:39:46,265
04.12.2019 13:45:47,251
04.12.2019 13:51:48,242
04.12.2019 13:57:48,220
04.12.2019 14:03:48,218
04.12.2019 14:09:51,203
04.12.2019 14:15:51,192
04.12.2019 14:21:53,184
04.12.2019 14:27:55,175
04.12.2019 14:33:56,163
04.12.2019 14:39:57,156
04.12.2019 14:45:58,146
04.12.2019 14:51:59,128
04.12.2019 14:58:00,126
04.12.2019 15:04:02,123
04.12.2019 15:10:04,93
04.12.2019 15:16:04,41
04.12.2019 15:22:05,25
04.12.2019 15:28:06,20
04.12.2019 15:34:07,17
04.12.2019 15:40:09,15
04.12.2019 15:46:10,14
04.12.2019 15:52:10,11
04.12.2019 15:58:13,8
04.12.2019 16:04:13,5
04.12.2019 16:10:15,3
04.12.2019 16:16:16,1
05.12.2019 08:13:28,0
05.12.2019 08:19:28,2
05.12.2019 08:25:29,4
05.12.2019 08:31:32,6
05.12.2019 08:37:34,9
05.12.2019 08:43:35,12
05.12.2019 08:49:36,30
05.12.2019 08:52:41,31
05.12.2019 08:53:15,33
05.12.2019 08:58:43,40
05.12.2019 09:04:46,132
05.12.2019 09:10:46,166
05.12.2019 09:16:47,197
05.12.2019 09:22:49,230
05.12.2019 09:28:52,227
05.12.2019 09:34:52,250
05.12.2019 09:40:53,260
05.12.2019 09:46:55,266
05.12.2019 09:52:55,274
05.12.2019 09:58:56,268
05.12.2019 10:04:59,284
05.12.2019 10:11:00,298
05.12.2019 10:17:01,302
05.12.2019 10:23:01,333
05.12.2019 10:29:04,292
05.12.2019 10:35:06,295
05.12.2019 10:41:08,336
05.12.2019 10:47:09,375
05.12.2019 10:53:12,305
05.12.2019 10:59:14,295
05.12.2019 11:05:16,305
05.12.2019 11:11:16,333
05.12.2019 11:17:18,370
05.12.2019 11:23:20,396
05.12.2019 11:29:20,394
05.12.2019 11:35:21,410
05.12.2019 11:41:22,417
05.12.2019 11:47:23,424
05.12.2019 11:53:26,430
05.12.2019 11:59:27,426
05.12.2019 12:05:28,412
05.12.2019 12:11:28,406
05.12.2019 12:17:29,395
05.12.2019 12:23:31,377
05.12.2019 12:29:33,350
05.12.2019 12:35:35,307
05.12.2019 12:41:35,232
05.12.2019 12:47:35,166
05.12.2019 12:53:36,80
05.12.2019 12:59:38,78
05.12.2019 13:05:39,80
05.12.2019 13:11:41,80
05.12.2019 13:17:42,98
05.12.2019 13:23:44,150
05.12.2019 13:29:45,187
05.12.2019 13:35:47,233
05.12.2019 13:41:48,242
05.12.2019 13:47:49,233
05.12.2019 13:53:49,220
05.12.2019 13:59:50,209
05.12.2019 14:05:51,196
05.12.2019 14:11:53,179
05.12.2019 14:17:54,171
05.12.2019 14:23:55,155
05.12.2019 14:29:56,151
05.12.2019 14:35:58,138
05.12.2019 14:42:00,115
05.12.2019 14:48:03,95
05.12.2019 14:54:05,78
05.12.2019 15:00:07,65
05.12.2019 15:06:09,53
05.12.2019 15:12:10,31
05.12.2019 15:18:11,21
05.12.2019 15:24:12,16
05.12.2019 15:30:14,12
05.12.2019 15:36:16,11
05.12.2019 15:42:18,9
05.12.2019 15:48:20,7
05.12.2019 15:54:22,5
05.12.2019 16:00:23,3
05.12.2019 16:06:25,2
05.12.2019 16:12:25,0
06.12.2019 08:19:38,0
06.12.2019 08:25:40,0
06.12.2019 08:31:41,0
06.12.2019 08:37:43,0
06.12.2019 08:43:45,0
06.12.2019 08:49:46,0
06.12.2019 08:55:47,0
06.12.2019 09:01:50,0
06.12.2019 09:07:52,0
06.12.2019 09:13:54,0
06.12.2019 09:19:57,0
06.12.2019 09:25:58,0
06.12.2019 09:32:00,1
06.12.2019 09:38:02,1
06.12.2019 09:44:04,1
06.12.2019 09:50:05,2
06.12.2019 09:56:05,3
06.12.2019 10:02:06,4
06.12.2019 10:08:08,4
06.12.2019 10:14:09,4
06.12.2019 10:20:10,4
06.12.2019 10:26:12,4
06.12.2019 10:32:12,4
06.12.2019 10:38:14,4
06.12.2019 10:44:16,4
06.12.2019 10:50:17,4
06.12.2019 10:56:18,4
06.12.2019 11:02:20,5
06.12.2019 11:08:22,5
06.12.2019 11:14:24,5
06.12.2019 11:20:25,5
06.12.2019 11:26:26,5
06.12.2019 11:32:28,5
06.12.2019 11:38:29,7
06.12.2019 11:44:31,8
06.12.2019 11:50:34,9
06.12.2019 11:56:34,10
06.12.2019 12:02:35,10
06.12.2019 12:08:37,10
06.12.2019 12:14:38,8
06.12.2019 12:20:40,7
06.12.2019 12:22:16,19
06.12.2019 12:24:42,19
06.12.2019 12:24:48,19
06.12.2019 12:24:56,19
06.12.2019 12:25:02,20
06.12.2019 12:25:44,20
06.12.2019 12:26:12,20
06.12.2019 12:26:18,20
06.12.2019 12:26:40,20
06.12.2019 12:32:41,41
06.12.2019 12:34:34,40
06.12.2019 12:38:43,9
06.12.2019 12:44:46,8
06.12.2019 12:50:47,8
06.12.2019 12:56:49,6
06.12.2019 13:02:50,7
06.12.2019 13:08:52,8
06.12.2019 13:14:54,10
06.12.2019 13:20:55,11
06.12.2019 13:26:57,13
06.12.2019 13:32:57,10
06.12.2019 13:38:59,10
06.12.2019 13:44:59,7
06.12.2019 13:51:00,5
06.12.2019 13:57:01,5
06.12.2019 14:03:02,3
06.12.2019 14:09:03,2
06.12.2019 14:15:04,3
06.12.2019 14:21:04,4
06.12.2019 14:27:06,4
06.12.2019 14:33:07,3
06.12.2019 14:39:07,3
06.12.2019 14:45:07,13
06.12.2019 14:45:13,14
06.12.2019 14:48:24,13
06.12.2019 14:52:10,12
06.12.2019 14:52:47,12
