06.11.2019 11:27:04, 24.25
06.11.2019 18:17:45, 21.50
06.11.2019 18:23:46, 21.88
07.11.2019 18:46:31, 20.81
07.11.2019 18:52:33, 20.88
07.11.2019 18:58:34, 20.88
07.11.2019 19:04:36, 20.88
07.11.2019 19:10:38, 20.88
07.11.2019 19:16:40, 20.88
07.11.2019 19:22:40, 20.81
07.11.2019 19:37:18, 20.88
07.11.2019 19:43:18, 20.88
07.11.2019 19:49:19, 20.81
07.11.2019 19:55:19, 20.81
07.11.2019 20:01:19, 20.81
07.11.2019 20:07:21, 20.75
07.11.2019 20:13:23, 20.75
07.11.2019 20:19:24, 20.75
07.11.2019 20:25:26, 20.75
07.11.2019 20:31:27, 20.75
07.11.2019 20:37:28, 20.75
07.11.2019 20:43:28, 20.75
07.11.2019 20:49:30, 20.75
07.11.2019 20:55:31, 20.81
07.11.2019 21:01:31, 20.75
07.11.2019 21:07:31, 20.75
07.11.2019 21:13:31, 20.75
07.11.2019 21:19:33, 20.69
07.11.2019 21:25:34, 20.69
07.11.2019 21:31:35, 20.62
07.11.2019 21:37:36, 20.62
07.11.2019 21:43:38, 20.62
07.11.2019 21:49:40, 20.56
07.11.2019 21:55:41, 20.56
07.11.2019 22:01:43, 20.56
07.11.2019 22:07:44, 20.56
07.11.2019 22:13:46, 20.50
07.11.2019 22:19:48, 20.50
07.11.2019 22:25:49, 20.50
07.11.2019 22:31:50, 20.50
07.11.2019 22:37:51, 20.50
07.11.2019 22:43:53, 20.50
07.11.2019 22:49:53, 20.50
07.11.2019 22:55:53, 20.50
07.11.2019 23:01:56, 20.50
07.11.2019 23:07:57, 20.56
07.11.2019 23:14:00, 20.56
07.11.2019 23:20:00, 20.56
07.11.2019 23:26:01, 20.56
07.11.2019 23:32:02, 20.62
07.11.2019 23:38:04, 20.62
07.11.2019 23:44:04, 20.56
07.11.2019 23:50:06, 20.56
07.11.2019 23:56:07, 20.56
08.11.2019 00:02:10, 20.56
08.11.2019 00:08:11, 20.50
08.11.2019 00:14:13, 20.50
08.11.2019 00:20:14, 20.50
08.11.2019 00:26:16, 20.44
08.11.2019 00:32:17, 20.44
08.11.2019 00:38:20, 20.44
08.11.2019 00:44:22, 20.38
08.11.2019 00:50:23, 20.38
08.11.2019 00:56:24, 20.38
08.11.2019 01:02:26, 20.38
08.11.2019 01:08:27, 20.38
08.11.2019 01:14:29, 20.38
08.11.2019 01:20:29, 20.38
08.11.2019 01:26:30, 20.44
08.11.2019 01:32:31, 20.44
08.11.2019 01:38:33, 20.50
08.11.2019 01:44:35, 20.50
08.11.2019 01:50:36, 20.50
08.11.2019 01:56:39, 20.50
08.11.2019 02:02:40, 20.56
08.11.2019 02:08:41, 20.50
08.11.2019 02:14:41, 20.50
08.11.2019 02:20:42, 20.50
08.11.2019 02:26:44, 20.50
08.11.2019 02:32:46, 20.44
08.11.2019 02:38:47, 20.44
08.11.2019 02:44:48, 20.44
08.11.2019 02:50:49, 20.38
08.11.2019 02:56:51, 20.38
08.11.2019 03:02:51, 20.38
08.11.2019 03:08:52, 20.38
08.11.2019 03:14:52, 20.38
08.11.2019 03:20:55, 20.31
08.11.2019 03:26:56, 20.31
08.11.2019 03:32:58, 20.31
08.11.2019 03:38:59, 20.31
08.11.2019 03:45:00, 20.31
08.11.2019 03:51:01, 20.38
08.11.2019 03:57:01, 20.38
08.11.2019 04:03:03, 20.38
08.11.2019 04:09:05, 20.38
08.11.2019 04:15:05, 20.44
08.11.2019 04:21:07, 20.44
08.11.2019 04:27:09, 20.44
08.11.2019 04:33:10, 20.44
08.11.2019 04:39:11, 20.44
08.11.2019 04:45:12, 20.44
08.11.2019 04:51:13, 20.44
08.11.2019 04:57:15, 20.38
08.11.2019 05:03:16, 20.38
08.11.2019 05:09:17, 20.38
08.11.2019 05:15:20, 20.38
08.11.2019 05:21:20, 20.38
08.11.2019 05:27:21, 20.38
08.11.2019 05:33:22, 20.31
08.11.2019 05:39:23, 20.31
08.11.2019 05:45:25, 20.31
08.11.2019 05:51:25, 20.31
08.11.2019 05:57:26, 20.31
08.11.2019 06:03:27, 20.31
08.11.2019 06:09:29, 20.31
08.11.2019 06:15:30, 20.31
08.11.2019 06:21:32, 20.31
08.11.2019 06:27:35, 20.31
08.11.2019 06:33:36, 20.31
08.11.2019 06:39:38, 20.31
08.11.2019 06:45:39, 20.31
08.11.2019 06:51:42, 20.31
08.11.2019 06:57:44, 20.31
08.11.2019 07:03:45, 20.31
08.11.2019 07:09:47, 20.31
08.11.2019 07:15:50, 20.31
08.11.2019 07:21:52, 20.31
08.11.2019 07:27:55, 20.31
08.11.2019 07:33:55, 20.31
08.11.2019 07:39:56, 20.31
08.11.2019 07:45:56, 20.31
08.11.2019 07:51:57, 20.31
08.11.2019 07:57:59, 20.31
08.11.2019 08:04:01, 20.31
08.11.2019 08:10:01, 20.31
08.11.2019 08:16:04, 20.31
08.11.2019 08:22:06, 20.31
08.11.2019 08:28:07, 20.31
08.11.2019 08:34:09, 20.31
08.11.2019 08:40:10, 20.31
08.11.2019 08:46:11, 20.31
08.11.2019 08:52:13, 20.31
08.11.2019 08:58:14, 20.31
08.11.2019 09:04:15, 20.31
08.11.2019 09:10:16, 20.31
08.11.2019 09:16:17, 20.31
08.11.2019 09:22:18, 20.31
08.11.2019 09:28:18, 20.31
08.11.2019 09:34:19, 20.31
08.11.2019 09:40:21, 20.31
08.11.2019 09:46:22, 20.31
08.11.2019 09:52:24, 20.31
08.11.2019 09:58:25, 20.31
08.11.2019 10:04:26, 20.31
08.11.2019 10:10:28, 20.31
08.11.2019 10:16:29, 20.31
08.11.2019 10:22:30, 20.31
08.11.2019 10:28:32, 20.31
08.11.2019 10:34:33, 20.31
08.11.2019 10:40:35, 20.31
08.11.2019 10:46:36, 20.38
08.11.2019 10:52:37, 20.44
08.11.2019 10:58:39, 20.44
08.11.2019 11:04:40, 20.44
08.11.2019 11:10:40, 20.38
08.11.2019 11:16:41, 20.38
08.11.2019 11:22:41, 20.38
08.11.2019 11:28:42, 20.38
08.11.2019 11:34:45, 20.38
08.11.2019 11:40:47, 20.38
08.11.2019 11:46:49, 20.38
08.11.2019 11:52:51, 20.38
08.11.2019 11:58:53, 20.38
08.11.2019 12:04:55, 20.38
08.11.2019 12:10:56, 20.38
08.11.2019 12:16:58, 20.38
08.11.2019 12:22:58, 20.38
08.11.2019 12:28:59, 20.44
08.11.2019 12:35:01, 20.44
08.11.2019 12:41:02, 20.44
08.11.2019 12:47:04, 20.44
08.11.2019 12:53:06, 20.44
08.11.2019 12:59:08, 20.44
08.11.2019 13:05:08, 20.44
08.11.2019 13:11:09, 20.44
08.11.2019 13:17:10, 20.44
08.11.2019 13:23:12, 20.44
08.11.2019 13:29:12, 20.44
08.11.2019 13:35:14, 20.44
08.11.2019 13:41:16, 20.44
08.11.2019 13:47:17, 20.44
08.11.2019 13:53:19, 20.44
08.11.2019 13:59:20, 20.44
08.11.2019 14:05:23, 20.44
08.11.2019 14:11:25, 20.44
08.11.2019 14:17:26, 20.44
08.11.2019 14:23:27, 20.44
08.11.2019 14:29:28, 20.44
08.11.2019 14:35:28, 20.44
08.11.2019 14:41:29, 20.50
08.11.2019 14:47:30, 20.44
08.11.2019 14:53:31, 20.44
08.11.2019 14:59:34, 20.44
08.11.2019 15:05:34, 20.44
08.11.2019 15:11:34, 20.44
08.11.2019 15:17:37, 20.50
08.11.2019 15:23:38, 20.50
08.11.2019 15:29:40, 20.50
08.11.2019 15:35:40, 20.44
08.11.2019 15:41:41, 20.44
08.11.2019 15:47:41, 20.44
08.11.2019 15:53:43, 20.44
08.11.2019 15:59:43, 20.44
08.11.2019 16:05:45, 20.44
08.11.2019 16:11:46, 20.44
08.11.2019 16:18:58, 20.44
09.11.2019 20:07:40, 22.50
09.11.2019 20:13:41, 25.62
09.11.2019 20:19:43, 24.06
09.11.2019 20:25:45, 23.81
09.11.2019 20:31:46, 23.62
09.11.2019 20:37:47, 23.44
09.11.2019 20:43:47, 23.31
09.11.2019 20:49:47, 23.25
09.11.2019 20:55:48, 23.12
09.11.2019 21:01:51, 23.00
09.11.2019 21:07:53, 22.94
09.11.2019 21:13:55, 22.88
09.11.2019 21:19:57, 22.75
09.11.2019 21:25:59, 22.69
09.11.2019 21:32:00, 22.62
09.11.2019 21:38:01, 22.56
09.11.2019 21:44:02, 22.50
09.11.2019 21:50:03, 22.44
09.11.2019 21:56:04, 22.38
09.11.2019 22:02:04, 22.31
09.11.2019 22:08:05, 22.25
09.11.2019 22:14:07, 22.19
09.11.2019 22:20:08, 22.12
09.11.2019 22:26:11, 22.00
09.11.2019 22:32:12, 21.94
09.11.2019 22:38:12, 21.88
09.11.2019 22:44:13, 21.81
09.11.2019 22:50:14, 21.75
09.11.2019 22:56:17, 21.69
09.11.2019 23:02:17, 21.62
09.11.2019 23:08:17, 21.56
09.11.2019 23:14:18, 21.50
09.11.2019 23:20:19, 21.50
09.11.2019 23:26:20, 21.44
09.11.2019 23:32:22, 21.38
09.11.2019 23:38:23, 21.31
09.11.2019 23:44:25, 21.31
09.11.2019 23:50:26, 21.25
09.11.2019 23:56:27, 21.25
10.11.2019 00:02:27, 21.19
10.11.2019 00:08:28, 21.12
10.11.2019 00:14:29, 21.12
10.11.2019 00:20:31, 21.06
10.11.2019 00:26:32, 21.06
10.11.2019 00:32:34, 21.00
10.11.2019 00:38:36, 21.00
10.11.2019 00:44:37, 20.94
10.11.2019 00:50:38, 20.94
10.11.2019 00:56:38, 20.88
10.11.2019 01:02:39, 20.88
10.11.2019 01:08:40, 20.81
10.11.2019 01:14:42, 20.81
10.11.2019 01:20:44, 20.75
10.11.2019 01:26:46, 20.75
10.11.2019 01:32:47, 20.69
10.11.2019 01:38:48, 20.69
10.11.2019 01:44:50, 20.69
10.11.2019 01:50:49, 20.62
10.11.2019 01:56:49, 20.62
10.11.2019 02:02:50, 20.56
10.11.2019 02:08:51, 20.56
10.11.2019 02:14:52, 20.56
10.11.2019 02:20:52, 20.56
10.11.2019 02:26:54, 20.50
10.11.2019 02:32:56, 20.50
10.11.2019 02:38:57, 20.50
10.11.2019 02:44:58, 20.44
10.11.2019 02:51:00, 20.44
10.11.2019 02:57:01, 20.44
10.11.2019 03:03:03, 20.38
10.11.2019 03:09:05, 20.38
10.11.2019 03:15:06, 20.38
10.11.2019 03:21:06, 20.31
10.11.2019 03:27:07, 20.31
10.11.2019 03:33:09, 20.31
10.11.2019 03:39:11, 20.31
10.11.2019 03:45:12, 20.25
10.11.2019 03:51:13, 20.25
10.11.2019 03:57:14, 20.19
10.11.2019 04:03:14, 20.19
10.11.2019 04:09:16, 20.19
10.11.2019 04:15:17, 20.19
10.11.2019 04:21:19, 20.19
10.11.2019 04:27:21, 20.12
10.11.2019 04:33:22, 20.12
10.11.2019 04:39:23, 20.12
10.11.2019 04:45:25, 20.12
10.11.2019 04:51:25, 20.06
10.11.2019 04:57:27, 20.06
10.11.2019 05:03:29, 20.06
10.11.2019 05:09:30, 20.06
10.11.2019 05:15:31, 20.06
10.11.2019 05:21:32, 20.06
10.11.2019 05:27:34, 20.06
10.11.2019 05:33:36, 20.00
10.11.2019 05:39:36, 20.00
10.11.2019 05:45:37, 20.00
10.11.2019 05:51:38, 20.00
10.11.2019 05:57:40, 20.00
10.11.2019 06:03:41, 20.00
10.11.2019 06:09:43, 19.94
10.11.2019 06:15:45, 19.94
10.11.2019 06:21:46, 19.94
10.11.2019 06:27:46, 19.94
10.11.2019 06:33:47, 19.94
10.11.2019 06:39:50, 19.88
10.11.2019 06:45:51, 19.88
10.11.2019 06:51:53, 19.88
10.11.2019 06:57:54, 19.88
10.11.2019 07:03:55, 19.81
10.11.2019 07:09:57, 19.81
10.11.2019 07:15:58, 19.81
10.11.2019 07:21:59, 19.81
10.11.2019 07:28:02, 19.81
10.11.2019 07:34:02, 19.75
10.11.2019 07:40:03, 19.75
10.11.2019 07:46:06, 19.75
10.11.2019 07:52:07, 19.75
10.11.2019 07:58:08, 19.75
10.11.2019 08:04:09, 19.69
10.11.2019 08:10:12, 19.69
10.11.2019 08:16:14, 19.69
10.11.2019 08:22:16, 19.69
10.11.2019 08:28:19, 19.62
10.11.2019 08:34:21, 19.62
10.11.2019 08:40:21, 19.62
10.11.2019 08:46:22, 19.62
10.11.2019 08:52:24, 19.56
10.11.2019 08:58:27, 19.56
10.11.2019 09:04:27, 19.56
10.11.2019 09:10:29, 19.56
10.11.2019 09:16:32, 19.56
10.11.2019 09:22:32, 19.56
10.11.2019 09:28:35, 19.56
10.11.2019 09:34:36, 19.56
10.11.2019 09:40:37, 19.56
10.11.2019 09:46:37, 19.56
10.11.2019 09:52:38, 19.62
10.11.2019 09:58:38, 19.62
10.11.2019 10:04:40, 19.62
10.11.2019 10:10:42, 19.62
10.11.2019 10:16:44, 19.62
10.11.2019 10:22:47, 19.69
10.11.2019 10:28:47, 19.69
10.11.2019 10:34:49, 19.69
10.11.2019 10:40:50, 19.69
10.11.2019 10:46:52, 19.69
10.11.2019 10:52:53, 19.69
10.11.2019 10:58:54, 19.75
10.11.2019 11:04:56, 19.75
10.11.2019 11:10:57, 19.81
10.11.2019 11:16:59, 19.81
10.11.2019 11:23:00, 19.81
10.11.2019 11:29:02, 19.88
10.11.2019 11:35:04, 19.88
10.11.2019 11:41:06, 19.88
10.11.2019 11:47:07, 19.94
10.11.2019 11:53:08, 19.94
10.11.2019 11:59:10, 20.00
10.11.2019 12:05:11, 20.06
10.11.2019 12:11:12, 20.00
10.11.2019 12:17:14, 20.06
10.11.2019 12:23:15, 20.12
10.11.2019 12:29:16, 20.12
10.11.2019 12:35:18, 20.12
10.11.2019 12:41:21, 20.19
10.11.2019 12:47:23, 20.19
10.11.2019 12:53:23, 20.19
10.11.2019 12:59:24, 20.19
10.11.2019 13:05:25, 20.19
10.11.2019 13:11:26, 20.19
10.11.2019 13:17:28, 20.19
10.11.2019 13:23:31, 20.19
10.11.2019 13:29:33, 20.19
10.11.2019 13:35:34, 20.19
10.11.2019 13:41:35, 20.19
10.11.2019 13:47:36, 20.19
10.11.2019 13:53:38, 20.19
10.11.2019 13:59:38, 20.12
10.11.2019 14:05:39, 19.94
10.11.2019 14:11:42, 19.88
10.11.2019 14:17:43, 19.88
10.11.2019 14:23:43, 19.88
10.11.2019 14:29:44, 19.88
10.11.2019 14:35:45, 19.94
10.11.2019 14:41:46, 19.94
10.11.2019 14:47:48, 19.94
10.11.2019 14:53:47, 19.94
10.11.2019 14:59:52, 19.94
10.11.2019 15:05:50, 19.94
10.11.2019 15:11:50, 19.94
10.11.2019 15:17:51, 19.94
10.11.2019 15:23:53, 19.94
10.11.2019 15:29:56, 19.94
10.11.2019 15:35:57, 19.94
10.11.2019 15:41:59, 19.94
10.11.2019 15:48:00, 19.94
10.11.2019 15:54:04, 19.94
10.11.2019 16:00:05, 19.94
10.11.2019 16:06:06, 19.94
10.11.2019 16:12:08, 19.94
10.11.2019 16:18:09, 19.94
10.11.2019 16:24:11, 19.94
10.11.2019 16:30:12, 19.94
10.11.2019 16:36:13, 19.88
10.11.2019 16:42:15, 19.88
10.11.2019 16:48:17, 19.88
10.11.2019 16:54:18, 19.88
10.11.2019 17:00:20, 19.88
10.11.2019 17:06:22, 19.88
10.11.2019 17:12:24, 19.88
10.11.2019 17:18:24, 19.81
10.11.2019 17:24:25, 19.81
10.11.2019 17:30:27, 19.81
10.11.2019 17:36:29, 19.81
10.11.2019 17:42:31, 19.75
10.11.2019 17:48:34, 19.75
10.11.2019 17:54:34, 19.75
10.11.2019 18:00:36, 19.69
10.11.2019 18:06:36, 19.75
10.11.2019 18:12:37, 19.75
10.11.2019 18:18:37, 19.69
10.11.2019 18:24:42, 19.69
10.11.2019 18:30:44, 19.69
10.11.2019 18:36:46, 19.69
10.11.2019 18:42:47, 19.69
10.11.2019 18:48:47, 19.69
10.11.2019 18:54:49, 19.69
10.11.2019 19:00:49, 19.69
10.11.2019 19:06:51, 19.69
10.11.2019 19:12:51, 19.69
10.11.2019 19:18:52, 19.69
10.11.2019 19:24:53, 19.62
10.11.2019 19:30:55, 19.62
10.11.2019 19:36:57, 19.62
10.11.2019 19:42:57, 19.62
10.11.2019 19:48:57, 19.62
10.11.2019 19:54:58, 19.62
10.11.2019 20:01:00, 19.62
10.11.2019 20:07:01, 19.56
10.11.2019 20:13:02, 19.62
10.11.2019 20:19:03, 19.56
10.11.2019 20:25:05, 19.56
10.11.2019 20:31:07, 19.56
10.11.2019 20:37:07, 19.56
10.11.2019 20:43:07, 19.56
10.11.2019 20:49:07, 19.56
10.11.2019 20:55:10, 19.56
10.11.2019 21:01:10, 19.56
10.11.2019 21:07:10, 19.56
10.11.2019 21:13:11, 19.56
10.11.2019 21:19:11, 19.50
10.11.2019 21:25:13, 19.50
10.11.2019 21:31:14, 19.50
10.11.2019 21:37:16, 19.50
10.11.2019 21:43:18, 19.50
10.11.2019 21:49:18, 19.50
10.11.2019 21:55:20, 19.50
10.11.2019 22:01:20, 19.50
10.11.2019 22:07:22, 19.50
10.11.2019 22:13:25, 19.44
10.11.2019 22:19:26, 19.44
10.11.2019 22:25:27, 19.44
10.11.2019 22:31:29, 19.44
10.11.2019 22:37:32, 19.44
10.11.2019 22:43:34, 19.44
10.11.2019 22:49:36, 19.44
10.11.2019 22:55:37, 19.44
10.11.2019 23:01:38, 19.44
10.11.2019 23:07:39, 19.44
10.11.2019 23:13:40, 19.38
10.11.2019 23:19:43, 19.44
10.11.2019 23:25:45, 19.38
10.11.2019 23:31:45, 19.38
10.11.2019 23:37:46, 19.38
10.11.2019 23:43:46, 19.38
10.11.2019 23:49:47, 19.38
10.11.2019 23:55:49, 19.38
11.11.2019 00:01:49, 19.38
11.11.2019 00:07:52, 19.38
11.11.2019 00:13:52, 19.38
11.11.2019 00:19:53, 19.38
11.11.2019 00:25:55, 19.38
11.11.2019 00:31:56, 19.31
11.11.2019 00:37:57, 19.31
11.11.2019 00:43:59, 19.31
11.11.2019 00:50:01, 19.31
11.11.2019 00:56:04, 19.31
11.11.2019 01:02:04, 19.31
11.11.2019 01:08:05, 19.31
11.11.2019 01:14:05, 19.31
11.11.2019 01:20:06, 19.31
11.11.2019 01:26:08, 19.31
11.11.2019 01:32:09, 19.31
11.11.2019 01:38:11, 19.25
11.11.2019 01:44:12, 19.31
11.11.2019 01:50:15, 19.25
11.11.2019 01:56:15, 19.25
11.11.2019 02:02:16, 19.25
11.11.2019 02:08:18, 19.25
11.11.2019 02:14:21, 19.25
11.11.2019 02:20:22, 19.25
11.11.2019 02:26:22, 19.25
11.11.2019 02:32:23, 19.25
11.11.2019 02:38:24, 19.19
11.11.2019 02:44:26, 19.25
11.11.2019 02:50:29, 19.25
11.11.2019 02:56:30, 19.19
11.11.2019 03:02:32, 19.19
11.11.2019 03:08:33, 19.25
11.11.2019 03:14:34, 19.19
11.11.2019 03:20:35, 19.19
11.11.2019 03:26:37, 19.19
11.11.2019 03:32:40, 19.19
11.11.2019 03:38:41, 19.19
11.11.2019 03:44:43, 19.19
11.11.2019 03:50:45, 19.19
11.11.2019 03:56:48, 19.19
11.11.2019 04:02:49, 19.19
11.11.2019 04:08:51, 19.19
11.11.2019 04:14:54, 19.19
11.11.2019 04:20:54, 19.19
11.11.2019 04:26:56, 19.19
11.11.2019 04:32:56, 19.19
11.11.2019 04:38:56, 19.19
11.11.2019 04:44:57, 19.19
11.11.2019 04:50:58, 19.19
11.11.2019 04:56:59, 19.12
11.11.2019 05:03:01, 19.12
11.11.2019 05:09:04, 19.19
11.11.2019 05:15:05, 19.19
11.11.2019 05:21:06, 19.19
11.11.2019 05:27:08, 19.12
11.11.2019 05:33:10, 19.12
11.11.2019 05:39:11, 19.12
11.11.2019 05:45:12, 19.12
11.11.2019 05:51:13, 19.12
11.11.2019 05:57:13, 19.12
11.11.2019 06:03:14, 19.12
11.11.2019 06:09:15, 19.12
11.11.2019 06:15:17, 19.12
11.11.2019 06:21:18, 19.12
11.11.2019 06:27:19, 19.12
11.11.2019 06:33:20, 19.12
11.11.2019 06:39:22, 19.12
11.11.2019 06:45:22, 19.12
11.11.2019 06:51:22, 19.06
11.11.2019 06:57:24, 19.06
11.11.2019 07:03:25, 19.06
11.11.2019 07:09:26, 19.06
11.11.2019 07:15:28, 19.06
11.11.2019 07:21:29, 19.06
11.11.2019 07:27:29, 19.12
11.11.2019 07:33:33, 19.06
11.11.2019 07:39:34, 19.12
11.11.2019 07:45:36, 19.12
11.11.2019 07:51:38, 19.12
11.11.2019 07:57:39, 19.12
11.11.2019 08:03:42, 19.12
11.11.2019 08:09:44, 19.12
11.11.2019 08:15:44, 19.12
11.11.2019 08:21:46, 19.12
11.11.2019 08:27:47, 19.12
11.11.2019 08:33:47, 19.12
11.11.2019 08:39:48, 19.12
11.11.2019 08:45:50, 19.12
11.11.2019 08:51:51, 19.12
11.11.2019 08:57:52, 19.12
11.11.2019 09:03:55, 19.12
11.11.2019 09:09:56, 19.12
11.11.2019 09:15:56, 19.12
11.11.2019 09:21:59, 19.12
11.11.2019 09:27:59, 19.25
11.11.2019 09:33:59, 19.50
11.11.2019 09:38:38, 19.69
11.11.2019 09:38:52, 19.69
11.11.2019 09:41:24, 19.75
11.11.2019 09:42:15, 19.75
11.11.2019 09:47:02, 19.88
11.11.2019 09:49:22, 19.94
11.11.2019 09:57:12, 20.19
11.11.2019 09:59:12, 20.25
11.11.2019 10:07:46, 20.44
11.11.2019 10:08:03, 20.44
11.11.2019 10:08:17, 20.44
11.11.2019 10:09:46, 20.50
11.11.2019 10:09:58, 20.50
11.11.2019 10:21:27, 20.69
11.11.2019 10:21:32, 20.69
11.11.2019 10:27:28, 20.81
11.11.2019 10:33:29, 20.88
11.11.2019 10:39:30, 20.94
11.11.2019 10:45:31, 21.00
11.11.2019 10:51:31, 21.06
11.11.2019 10:57:33, 21.12
11.11.2019 11:03:35, 21.19
11.11.2019 11:09:35, 21.25
11.11.2019 11:15:35, 21.31
11.11.2019 11:21:37, 21.38
11.11.2019 11:27:38, 21.44
11.11.2019 11:33:38, 21.50
11.11.2019 11:39:38, 21.56
11.11.2019 11:45:38, 21.62
11.11.2019 11:51:39, 21.62
11.11.2019 11:57:41, 21.69
11.11.2019 12:03:43, 21.75
11.11.2019 12:09:43, 21.81
11.11.2019 12:13:30, 21.88
11.11.2019 12:23:28, 22.06
11.11.2019 12:23:39, 22.06
11.11.2019 12:23:45, 22.06
11.11.2019 12:28:42, 22.19
11.11.2019 12:30:33, 22.19
11.11.2019 12:31:44, 22.25
11.11.2019 12:37:29, 22.31
11.11.2019 12:38:01, 22.31
11.11.2019 12:38:10, 22.38
11.11.2019 12:44:02, 22.56
11.11.2019 12:50:05, 22.69
11.11.2019 12:56:06, 22.88
11.11.2019 13:02:07, 23.00
11.11.2019 13:08:07, 23.06
11.11.2019 13:14:09, 23.06
11.11.2019 13:20:12, 23.12
11.11.2019 13:26:13, 23.06
11.11.2019 13:32:14, 23.06
11.11.2019 13:38:15, 23.06
11.11.2019 13:44:16, 23.00
11.11.2019 13:50:17, 23.00
11.11.2019 13:56:19, 23.00
11.11.2019 14:02:20, 23.00
11.11.2019 14:08:21, 23.06
11.11.2019 14:14:24, 23.12
11.11.2019 14:20:25, 23.19
11.11.2019 14:26:25, 23.19
11.11.2019 14:32:26, 23.25
11.11.2019 14:38:28, 23.25
11.11.2019 14:44:28, 23.31
11.11.2019 14:50:28, 23.31
11.11.2019 14:56:29, 23.31
11.11.2019 15:02:30, 23.38
11.11.2019 15:08:30, 23.38
11.11.2019 15:14:33, 23.38
11.11.2019 15:20:35, 23.38
11.11.2019 15:26:35, 23.31
11.11.2019 15:32:37, 23.31
11.11.2019 15:38:38, 23.31
11.11.2019 15:44:39, 23.31
11.11.2019 15:50:42, 23.31
11.11.2019 15:56:45, 23.38
11.11.2019 16:02:47, 23.38
11.11.2019 16:08:49, 23.38
11.11.2019 16:14:50, 23.38
11.11.2019 16:20:23, 23.38
11.11.2019 16:20:46, 23.38
11.11.2019 16:20:51, 23.38
11.11.2019 16:30:25, 23.38
11.11.2019 16:30:37, 23.38
11.11.2019 16:36:20, 23.44
11.11.2019 16:36:26, 23.44
11.11.2019 16:36:29, 23.44
11.11.2019 16:42:29, 23.50
11.11.2019 16:42:41, 23.50
11.11.2019 16:44:30, 23.50
11.11.2019 16:44:35, 23.50
11.11.2019 17:02:49, 23.62
11.11.2019 17:02:58, 23.62
11.11.2019 17:05:30, 23.69
11.11.2019 17:05:38, 23.69
11.11.2019 17:06:17, 23.69
11.11.2019 17:09:19, 23.75
11.11.2019 17:13:29, 23.75
11.11.2019 17:14:48, 23.75
11.11.2019 17:18:15, 23.75
11.11.2019 17:20:50, 23.81
11.11.2019 17:22:50, 23.81
11.11.2019 17:26:24, 23.81
11.11.2019 17:26:36, 23.81
11.11.2019 17:32:26, 23.94
11.11.2019 17:38:29, 24.12
11.11.2019 17:44:31, 24.19
11.11.2019 17:50:33, 24.19
11.11.2019 17:56:34, 24.12
11.11.2019 18:02:35, 24.06
11.11.2019 18:08:37, 24.00
11.11.2019 18:14:37, 23.94
11.11.2019 18:20:40, 23.81
11.11.2019 18:26:41, 23.75
11.11.2019 18:32:42, 23.69
11.11.2019 18:38:44, 23.62
11.11.2019 18:44:45, 23.56
11.11.2019 18:50:47, 23.44
11.11.2019 18:56:48, 23.38
11.11.2019 19:02:49, 23.31
11.11.2019 19:08:50, 23.25
11.11.2019 19:14:50, 23.12
11.11.2019 19:20:51, 23.06
11.11.2019 19:26:53, 23.00
11.11.2019 19:32:54, 22.94
11.11.2019 19:38:55, 22.88
11.11.2019 19:44:57, 22.81
11.11.2019 19:50:57, 22.75
11.11.2019 19:57:00, 22.69
11.11.2019 20:03:00, 22.62
11.11.2019 20:09:00, 22.62
11.11.2019 20:15:02, 22.50
11.11.2019 20:21:02, 22.44
11.11.2019 20:27:03, 22.44
11.11.2019 20:33:03, 22.31
11.11.2019 20:39:06, 22.31
11.11.2019 20:45:06, 22.25
11.11.2019 20:51:06, 22.12
11.11.2019 20:57:07, 22.06
11.11.2019 21:03:08, 22.00
11.11.2019 21:09:09, 21.94
11.11.2019 21:15:10, 21.94
11.11.2019 21:21:11, 21.88
11.11.2019 21:27:13, 21.88
11.11.2019 21:33:14, 21.81
11.11.2019 21:39:15, 21.75
11.11.2019 21:45:16, 21.75
11.11.2019 21:51:17, 21.69
11.11.2019 21:57:18, 21.62
11.11.2019 22:03:20, 21.62
11.11.2019 22:09:21, 21.62
11.11.2019 22:15:23, 21.69
11.11.2019 22:21:25, 21.69
11.11.2019 22:27:27, 21.69
11.11.2019 22:33:28, 21.69
11.11.2019 22:39:30, 21.69
11.11.2019 22:45:31, 21.62
11.11.2019 22:51:31, 21.62
11.11.2019 22:57:33, 21.62
11.11.2019 23:03:35, 21.56
11.11.2019 23:09:36, 21.50
11.11.2019 23:15:38, 21.50
11.11.2019 23:21:41, 21.44
11.11.2019 23:27:42, 21.38
11.11.2019 23:33:45, 21.38
11.11.2019 23:39:45, 21.31
11.11.2019 23:45:47, 21.31
11.11.2019 23:51:48, 21.25
11.11.2019 23:57:49, 21.25
12.11.2019 00:03:51, 21.19
12.11.2019 00:09:53, 21.19
12.11.2019 00:15:55, 21.19
12.11.2019 00:21:56, 21.25
12.11.2019 00:27:58, 21.25
12.11.2019 00:33:59, 21.25
12.11.2019 00:40:00, 21.25
12.11.2019 00:46:00, 21.31
12.11.2019 00:52:03, 21.31
12.11.2019 00:58:03, 21.31
12.11.2019 01:04:06, 21.31
12.11.2019 01:10:06, 21.31
12.11.2019 01:16:06, 21.31
12.11.2019 01:22:08, 21.31
12.11.2019 01:28:09, 21.31
12.11.2019 01:34:12, 21.25
12.11.2019 01:40:13, 21.25
12.11.2019 01:46:14, 21.25
12.11.2019 01:52:15, 21.19
12.11.2019 01:58:17, 21.12
12.11.2019 02:04:18, 21.06
12.11.2019 02:10:19, 21.06
12.11.2019 02:16:21, 21.06
12.11.2019 02:22:22, 21.06
12.11.2019 02:28:24, 21.06
12.11.2019 02:34:25, 21.06
12.11.2019 02:40:26, 21.06
12.11.2019 02:46:28, 21.06
12.11.2019 02:52:29, 21.06
12.11.2019 02:58:30, 21.12
12.11.2019 03:04:32, 21.12
12.11.2019 03:10:33, 21.12
12.11.2019 03:16:34, 21.12
12.11.2019 03:22:35, 21.12
12.11.2019 03:28:37, 21.12
12.11.2019 03:34:39, 21.12
12.11.2019 03:40:40, 21.12
12.11.2019 03:46:41, 21.12
12.11.2019 03:52:42, 21.06
12.11.2019 03:58:45, 21.06
12.11.2019 04:04:46, 21.06
12.11.2019 04:10:47, 21.00
12.11.2019 04:16:48, 21.00
12.11.2019 04:22:50, 21.00
12.11.2019 04:28:51, 20.94
12.11.2019 04:34:54, 20.94
12.11.2019 04:40:55, 20.94
12.11.2019 04:46:56, 20.94
12.11.2019 04:52:56, 20.94
12.11.2019 04:58:58, 20.94
12.11.2019 05:04:58, 21.00
12.11.2019 05:10:59, 21.00
12.11.2019 05:17:00, 21.00
12.11.2019 05:23:03, 21.00
12.11.2019 05:29:05, 21.00
12.11.2019 05:35:07, 21.00
12.11.2019 05:41:07, 21.00
12.11.2019 05:47:08, 21.00
12.11.2019 05:53:09, 21.00
12.11.2019 05:59:11, 21.00
12.11.2019 06:05:13, 20.94
12.11.2019 06:11:15, 20.94
12.11.2019 06:17:16, 20.94
12.11.2019 06:23:18, 20.94
12.11.2019 06:29:19, 20.88
12.11.2019 06:35:21, 20.88
12.11.2019 06:41:21, 20.88
12.11.2019 06:47:22, 20.88
12.11.2019 06:53:23, 20.88
12.11.2019 06:59:25, 20.88
12.11.2019 07:05:25, 20.88
12.11.2019 07:11:27, 20.88
12.11.2019 07:17:29, 20.88
12.11.2019 07:23:31, 20.88
12.11.2019 07:29:33, 20.94
12.11.2019 07:35:35, 20.94
12.11.2019 07:41:38, 20.94
12.11.2019 07:47:38, 20.94
12.11.2019 07:53:40, 20.94
12.11.2019 07:59:41, 20.94
12.11.2019 08:05:45, 20.94
12.11.2019 08:11:46, 20.94
12.11.2019 08:17:46, 20.88
12.11.2019 08:23:46, 20.88
12.11.2019 08:29:47, 20.88
12.11.2019 08:35:48, 20.88
12.11.2019 08:41:49, 20.88
12.11.2019 08:47:50, 20.88
12.11.2019 08:53:51, 20.81
12.11.2019 08:59:53, 20.81
12.11.2019 09:05:55, 20.88
12.11.2019 09:11:57, 20.88
12.11.2019 09:17:58, 20.88
12.11.2019 09:24:00, 20.88
12.11.2019 09:30:02, 20.88
12.11.2019 09:36:03, 20.88
12.11.2019 09:42:05, 20.88
12.11.2019 09:48:06, 20.88
12.11.2019 09:54:07, 20.88
12.11.2019 10:00:09, 20.94
12.11.2019 10:06:11, 20.88
12.11.2019 10:12:13, 20.88
12.11.2019 10:18:15, 20.94
12.11.2019 10:24:16, 20.88
12.11.2019 10:30:17, 20.88
12.11.2019 10:36:18, 20.88
12.11.2019 10:42:20, 20.88
12.11.2019 10:48:20, 20.88
12.11.2019 10:54:23, 20.88
12.11.2019 11:00:23, 20.88
12.11.2019 11:06:24, 20.88
12.11.2019 11:12:25, 20.88
12.11.2019 11:18:27, 20.88
12.11.2019 11:24:28, 20.88
12.11.2019 11:30:31, 20.88
12.11.2019 11:36:31, 20.88
12.11.2019 11:42:31, 20.88
12.11.2019 11:48:32, 20.88
12.11.2019 11:54:35, 20.88
12.11.2019 12:00:36, 20.88
12.11.2019 12:06:39, 20.88
12.11.2019 12:12:41, 20.88
12.11.2019 12:18:42, 20.88
12.11.2019 12:24:43, 20.88
12.11.2019 12:30:44, 20.88
12.11.2019 12:36:47, 20.88
12.11.2019 12:42:46, 20.88
12.11.2019 12:48:46, 20.88
12.11.2019 12:54:47, 20.88
12.11.2019 13:00:49, 20.88
12.11.2019 13:06:51, 20.88
12.11.2019 13:12:53, 20.88
12.11.2019 13:18:54, 20.88
12.11.2019 13:24:55, 20.88
12.11.2019 13:30:56, 20.88
12.11.2019 13:36:57, 20.88
12.11.2019 13:43:00, 20.88
12.11.2019 13:49:02, 20.88
12.11.2019 13:55:05, 20.88
12.11.2019 14:01:06, 20.88
12.11.2019 14:07:08, 20.88
12.11.2019 14:13:08, 20.88
12.11.2019 14:19:09, 20.88
12.11.2019 14:25:11, 20.88
12.11.2019 14:31:12, 20.88
12.11.2019 14:37:13, 20.81
12.11.2019 14:43:14, 20.88
12.11.2019 14:49:16, 20.88
12.11.2019 14:55:18, 20.81
12.11.2019 15:01:20, 20.88
12.11.2019 15:07:20, 20.81
12.11.2019 15:13:20, 20.81
12.11.2019 15:19:22, 20.81
12.11.2019 15:25:24, 20.81
12.11.2019 15:31:25, 20.81
12.11.2019 15:37:26, 20.81
12.11.2019 15:43:27, 20.81
12.11.2019 15:49:29, 20.81
12.11.2019 15:55:29, 20.81
12.11.2019 16:01:32, 20.81
12.11.2019 16:07:33, 20.81
12.11.2019 16:13:34, 20.81
12.11.2019 16:19:36, 20.81
12.11.2019 16:26:02, 20.81
12.11.2019 16:31:32, 20.88
12.11.2019 16:33:08, 20.88
12.11.2019 16:34:01, 20.88
12.11.2019 16:35:28, 20.88
12.11.2019 16:35:34, 20.88
12.11.2019 16:36:30, 20.88
12.11.2019 16:36:50, 20.94
12.11.2019 16:51:25, 21.06
12.11.2019 16:51:34, 21.06
12.11.2019 16:51:53, 21.06
12.11.2019 16:52:02, 21.06
12.11.2019 17:02:40, 21.19
12.11.2019 17:02:49, 21.19
12.11.2019 17:03:40, 21.19
12.11.2019 17:03:48, 21.19
12.11.2019 17:03:54, 21.19
12.11.2019 17:04:05, 21.19
12.11.2019 17:04:19, 21.19
12.11.2019 17:04:25, 21.19
12.11.2019 17:04:50, 21.19
12.11.2019 17:07:04, 21.25
12.11.2019 17:08:45, 21.25
12.11.2019 17:09:07, 21.25
12.11.2019 17:13:41, 21.25
12.11.2019 17:14:21, 21.31
12.11.2019 17:15:01, 21.31
12.11.2019 17:15:42, 21.31
12.11.2019 17:16:07, 21.31
12.11.2019 17:17:45, 21.31
12.11.2019 17:18:10, 21.31
12.11.2019 17:18:16, 21.31
12.11.2019 17:19:16, 21.31
12.11.2019 17:19:45, 21.31
12.11.2019 17:20:07, 21.31
12.11.2019 17:20:27, 21.38
12.11.2019 17:20:58, 21.31
12.11.2019 17:21:06, 21.38
12.11.2019 17:21:12, 21.38
12.11.2019 17:21:23, 21.38
12.11.2019 17:26:45, 21.38
12.11.2019 17:26:53, 21.38
12.11.2019 17:27:07, 21.38
12.11.2019 17:27:13, 21.38
12.11.2019 17:27:27, 21.38
12.11.2019 17:31:09, 21.38
12.11.2019 17:31:18, 21.44
12.11.2019 17:31:26, 21.44
12.11.2019 17:31:32, 21.44
12.11.2019 17:32:05, 21.44
12.11.2019 17:33:30, 21.44
12.11.2019 17:33:35, 21.44
12.11.2019 17:33:41, 21.44
12.11.2019 17:34:01, 21.44
12.11.2019 17:34:17, 21.44
12.11.2019 17:34:23, 21.44
12.11.2019 17:34:29, 21.44
12.11.2019 17:34:51, 21.44
12.11.2019 17:35:58, 21.44
12.11.2019 17:37:19, 21.44
12.11.2019 17:38:40, 21.50
12.11.2019 17:38:52, 21.44
12.11.2019 17:39:03, 21.44
12.11.2019 17:39:08, 21.44
12.11.2019 17:39:20, 21.44
12.11.2019 17:39:28, 21.50
12.11.2019 17:39:31, 21.50
12.11.2019 17:39:34, 21.50
12.11.2019 17:45:25, 21.50
12.11.2019 17:45:39, 25.44
12.11.2019 17:45:50, 26.44
12.11.2019 17:48:25, 23.44
12.11.2019 17:48:33, 23.38
12.11.2019 17:48:38, 23.38
12.11.2019 17:50:28, 22.62
12.11.2019 17:50:37, 22.62
12.11.2019 17:50:43, 22.56
12.11.2019 17:50:55, 22.50
12.11.2019 17:56:28, 21.88
12.11.2019 18:02:31, 21.62
12.11.2019 18:08:32, 21.56
12.11.2019 18:14:35, 21.50
12.11.2019 18:20:37, 21.44
12.11.2019 18:26:38, 21.38
12.11.2019 18:32:39, 21.38
12.11.2019 18:47:46, 21.31
12.11.2019 18:53:47, 21.31
12.11.2019 18:59:49, 21.25
12.11.2019 19:05:50, 21.19
12.11.2019 19:11:51, 21.19
12.11.2019 19:17:52, 21.19
12.11.2019 19:23:53, 21.19
12.11.2019 19:29:55, 21.19
12.11.2019 19:35:56, 21.19
12.11.2019 19:41:57, 21.19
12.11.2019 19:47:58, 21.19
12.11.2019 19:53:59, 21.19
12.11.2019 20:00:01, 21.12
12.11.2019 20:06:01, 21.12
12.11.2019 20:12:03, 21.12
12.11.2019 20:18:05, 21.12
12.11.2019 20:24:07, 21.12
12.11.2019 20:30:07, 21.12
12.11.2019 20:36:07, 21.12
12.11.2019 20:42:09, 21.06
12.11.2019 20:48:10, 21.06
12.11.2019 20:54:13, 21.06
12.11.2019 21:00:14, 21.06
12.11.2019 21:06:16, 21.06
12.11.2019 21:12:17, 21.00
12.11.2019 21:18:17, 21.00
12.11.2019 21:24:19, 21.00
12.11.2019 21:30:20, 21.00
12.11.2019 21:36:21, 20.94
12.11.2019 21:42:22, 20.94
12.11.2019 21:48:23, 20.94
12.11.2019 21:54:24, 20.94
12.11.2019 22:00:26, 20.94
12.11.2019 22:06:27, 20.94
12.11.2019 22:12:29, 20.94
12.11.2019 22:18:31, 20.88
12.11.2019 22:24:33, 20.88
12.11.2019 22:30:35, 20.88
12.11.2019 22:36:37, 20.88
12.11.2019 22:42:38, 20.88
12.11.2019 22:48:39, 20.88
12.11.2019 22:54:41, 20.88
12.11.2019 23:00:42, 20.88
12.11.2019 23:06:43, 20.88
12.11.2019 23:12:44, 20.88
12.11.2019 23:18:45, 20.81
12.11.2019 23:24:47, 20.81
12.11.2019 23:30:49, 20.81
12.11.2019 23:36:51, 20.81
12.11.2019 23:42:51, 20.81
12.11.2019 23:48:52, 20.81
12.11.2019 23:54:53, 20.81
13.11.2019 00:00:54, 20.81
13.11.2019 00:06:55, 20.81
13.11.2019 00:12:56, 20.81
13.11.2019 00:18:59, 20.81
13.11.2019 00:25:00, 20.81
13.11.2019 00:31:01, 20.75
13.11.2019 00:37:03, 20.75
13.11.2019 00:43:05, 20.75
13.11.2019 00:49:07, 20.75
13.11.2019 00:55:09, 20.75
13.11.2019 01:01:10, 20.75
13.11.2019 01:07:12, 20.75
13.11.2019 01:13:14, 20.75
13.11.2019 01:19:15, 20.75
13.11.2019 01:25:16, 20.75
13.11.2019 01:31:17, 20.75
13.11.2019 01:37:19, 20.75
13.11.2019 01:43:20, 20.75
13.11.2019 01:49:20, 20.75
13.11.2019 01:55:21, 20.75
13.11.2019 02:01:21, 20.69
13.11.2019 02:07:22, 20.69
13.11.2019 02:13:23, 20.69
13.11.2019 02:19:25, 20.69
13.11.2019 02:25:26, 20.69
13.11.2019 02:31:28, 20.69
13.11.2019 02:37:31, 20.69
13.11.2019 02:43:32, 20.69
13.11.2019 02:49:32, 20.69
13.11.2019 02:55:33, 20.69
13.11.2019 03:01:35, 20.69
13.11.2019 03:07:37, 20.69
13.11.2019 03:13:38, 20.69
13.11.2019 03:19:39, 20.69
13.11.2019 03:25:39, 20.69
13.11.2019 03:31:39, 20.69
13.11.2019 03:37:40, 20.69
13.11.2019 03:43:42, 20.69
13.11.2019 03:49:45, 20.69
13.11.2019 03:55:46, 20.69
13.11.2019 04:01:47, 20.69
13.11.2019 04:07:49, 20.69
13.11.2019 04:13:50, 20.69
13.11.2019 04:19:52, 20.69
13.11.2019 04:25:54, 20.69
13.11.2019 04:31:54, 20.62
13.11.2019 04:37:56, 20.69
13.11.2019 04:43:57, 20.69
13.11.2019 04:49:58, 20.69
13.11.2019 04:55:59, 20.69
13.11.2019 05:02:00, 20.69
13.11.2019 05:08:02, 20.62
13.11.2019 05:14:04, 20.62
13.11.2019 05:20:04, 20.62
13.11.2019 05:26:05, 20.62
13.11.2019 05:32:07, 20.62
13.11.2019 05:38:08, 20.62
13.11.2019 05:44:10, 20.62
13.11.2019 05:50:12, 20.62
13.11.2019 05:56:14, 20.62
13.11.2019 06:02:15, 20.62
13.11.2019 06:08:15, 20.62
13.11.2019 06:14:15, 20.62
13.11.2019 06:20:17, 20.62
13.11.2019 06:26:18, 20.62
13.11.2019 06:32:21, 20.62
13.11.2019 06:38:21, 20.62
13.11.2019 06:44:22, 20.62
13.11.2019 06:50:24, 20.62
13.11.2019 06:56:25, 20.62
13.11.2019 07:02:27, 20.62
13.11.2019 07:08:27, 20.62
13.11.2019 07:14:28, 20.62
13.11.2019 07:20:30, 20.62
13.11.2019 07:26:31, 20.62
13.11.2019 07:32:33, 20.62
13.11.2019 07:38:35, 20.62
13.11.2019 07:44:36, 20.62
13.11.2019 07:50:37, 20.62
13.11.2019 07:56:39, 20.62
13.11.2019 08:02:40, 20.62
13.11.2019 08:08:41, 20.62
13.11.2019 08:14:43, 20.62
13.11.2019 08:20:45, 20.62
13.11.2019 08:26:46, 20.62
13.11.2019 08:32:48, 20.62
13.11.2019 08:38:49, 20.62
13.11.2019 08:44:51, 20.62
13.11.2019 08:50:51, 20.62
13.11.2019 08:56:53, 20.62
13.11.2019 09:02:53, 20.62
13.11.2019 09:08:53, 20.62
13.11.2019 09:14:55, 20.62
13.11.2019 09:20:57, 20.62
13.11.2019 09:26:59, 20.62
13.11.2019 09:32:59, 20.62
13.11.2019 09:38:59, 20.62
13.11.2019 09:45:02, 20.62
13.11.2019 09:51:03, 20.62
13.11.2019 09:57:05, 20.62
13.11.2019 10:03:06, 20.62
13.11.2019 10:09:06, 20.62
13.11.2019 10:15:07, 20.62
13.11.2019 10:21:09, 20.62
13.11.2019 10:27:09, 20.62
13.11.2019 10:33:10, 20.62
13.11.2019 10:39:10, 20.62
13.11.2019 10:45:10, 20.62
13.11.2019 10:51:12, 20.62
13.11.2019 10:57:15, 20.62
13.11.2019 11:03:17, 20.62
13.11.2019 11:09:17, 20.62
13.11.2019 11:15:18, 20.62
13.11.2019 11:21:19, 20.62
13.11.2019 11:27:20, 20.62
13.11.2019 11:33:21, 20.62
13.11.2019 11:39:23, 20.62
13.11.2019 11:45:24, 20.62
13.11.2019 11:51:25, 20.62
13.11.2019 11:55:20, 20.62
13.11.2019 11:55:31, 20.62
13.11.2019 11:57:27, 20.62
13.11.2019 11:57:33, 20.62
13.11.2019 11:57:49, 20.62
13.11.2019 11:58:03, 20.62
13.11.2019 12:02:05, 20.75
13.11.2019 12:03:28, 20.81
13.11.2019 12:03:43, 20.81
13.11.2019 12:09:30, 21.06
13.11.2019 12:12:56, 21.25
13.11.2019 12:13:29, 21.25
13.11.2019 12:13:38, 21.25
13.11.2019 12:13:46, 21.25
13.11.2019 12:13:59, 21.25
13.11.2019 12:18:58, 21.50
13.11.2019 12:24:46, 21.69
13.11.2019 12:24:54, 21.75
13.11.2019 12:25:00, 21.75
13.11.2019 12:25:00, 21.75
13.11.2019 12:25:19, 21.75
13.11.2019 12:25:27, 21.75
13.11.2019 12:25:39, 21.75
13.11.2019 12:25:50, 21.75
13.11.2019 12:26:21, 21.75
13.11.2019 12:26:38, 21.81
13.11.2019 12:30:34, 21.94
13.11.2019 12:32:47, 22.00
13.11.2019 12:36:35, 22.19
13.11.2019 12:36:46, 22.25
13.11.2019 12:36:55, 22.25
13.11.2019 12:37:00, 22.25
13.11.2019 12:37:06, 22.25
13.11.2019 12:37:31, 22.25
13.11.2019 12:37:40, 22.25
13.11.2019 12:37:48, 22.25
13.11.2019 12:37:54, 22.25
13.11.2019 12:38:03, 22.31
13.11.2019 12:38:08, 22.31
13.11.2019 12:38:14, 22.31
13.11.2019 12:40:44, 25.69
13.11.2019 12:41:40, 25.94
13.11.2019 12:42:32, 25.00
13.11.2019 12:42:36, 24.94
13.11.2019 12:42:39, 24.94
13.11.2019 12:48:37, 23.19
13.11.2019 12:54:39, 22.81
13.11.2019 13:00:41, 22.75
13.11.2019 13:06:44, 22.81
13.11.2019 13:12:45, 22.94
13.11.2019 13:18:46, 23.00
13.11.2019 13:24:47, 23.12
13.11.2019 13:30:49, 23.19
13.11.2019 13:36:49, 23.25
13.11.2019 13:42:50, 23.31
13.11.2019 13:48:52, 23.44
13.11.2019 13:54:54, 23.44
13.11.2019 14:00:56, 23.50
13.11.2019 14:06:57, 23.56
13.11.2019 14:12:57, 23.56
13.11.2019 14:18:59, 23.56
13.11.2019 14:25:02, 23.56
13.11.2019 14:31:02, 23.62
13.11.2019 14:37:03, 23.62
13.11.2019 14:43:05, 23.69
13.11.2019 14:48:50, 23.69
13.11.2019 14:49:07, 23.69
13.11.2019 14:55:07, 23.81
13.11.2019 15:01:08, 23.94
13.11.2019 15:07:08, 24.06
13.11.2019 15:13:09, 24.19
13.11.2019 15:19:45, 24.31
13.11.2019 15:25:47, 24.38
13.11.2019 15:31:47, 24.38
13.11.2019 15:37:49, 24.44
13.11.2019 15:43:50, 24.38
13.11.2019 15:49:52, 23.88
13.11.2019 15:55:55, 23.56
13.11.2019 16:01:55, 23.56
13.11.2019 16:07:56, 23.75
13.11.2019 16:13:57, 23.81
13.11.2019 16:20:00, 23.75
13.11.2019 16:26:02, 23.56
13.11.2019 16:32:03, 23.38
13.11.2019 16:38:06, 23.38
13.11.2019 16:44:07, 23.38
13.11.2019 16:50:10, 23.44
13.11.2019 16:56:14, 23.44
13.11.2019 17:02:16, 23.44
13.11.2019 17:08:16, 23.44
13.11.2019 17:14:17, 23.38
13.11.2019 17:20:19, 23.38
13.11.2019 17:23:46, 23.38
13.11.2019 17:24:05, 23.38
13.11.2019 17:24:15, 23.44
13.11.2019 17:24:26, 23.38
13.11.2019 17:24:32, 23.38
13.11.2019 17:24:43, 23.38
13.11.2019 17:24:50, 23.38
13.11.2019 17:24:58, 23.38
13.11.2019 17:25:04, 23.38
13.11.2019 17:25:19, 26.12
13.11.2019 17:26:00, 26.06
13.11.2019 17:26:20, 25.56
13.11.2019 17:26:53, 25.00
13.11.2019 17:32:21, 23.75
13.11.2019 17:38:23, 23.44
13.11.2019 17:38:35, 23.44
13.11.2019 17:44:24, 23.44
13.11.2019 17:50:26, 22.88
13.11.2019 18:31:50, 21.81
13.11.2019 18:31:58, 21.88
13.11.2019 18:33:18, 21.81
13.11.2019 18:37:52, 22.00
13.11.2019 18:43:52, 22.19
13.11.2019 18:49:52, 22.25
13.11.2019 18:55:52, 22.31
13.11.2019 19:01:52, 22.31
13.11.2019 19:07:54, 22.31
13.11.2019 19:13:56, 22.31
13.11.2019 19:19:58, 22.31
13.11.2019 19:25:59, 22.31
13.11.2019 19:32:01, 22.25
13.11.2019 19:38:04, 22.25
13.11.2019 19:44:05, 22.19
13.11.2019 19:50:07, 22.25
13.11.2019 19:56:19, 22.19
13.11.2019 19:56:38, 22.25
13.11.2019 20:02:20, 22.25
13.11.2019 20:08:22, 22.25
13.11.2019 20:13:58, 22.31
13.11.2019 20:14:24, 22.31
13.11.2019 20:20:25, 22.38
13.11.2019 20:26:27, 22.38
13.11.2019 20:32:28, 22.31
13.11.2019 20:38:28, 22.31
13.11.2019 20:44:30, 22.31
13.11.2019 20:50:31, 22.25
13.11.2019 20:56:31, 22.25
13.11.2019 21:02:34, 22.19
13.11.2019 21:08:36, 22.19
13.11.2019 21:14:37, 22.12
13.11.2019 21:20:37, 22.12
13.11.2019 21:26:38, 22.06
13.11.2019 21:32:41, 22.06
13.11.2019 21:38:43, 22.00
13.11.2019 21:44:44, 22.00
13.11.2019 21:50:46, 21.94
13.11.2019 21:56:46, 21.94
13.11.2019 22:02:48, 21.88
13.11.2019 22:08:49, 21.88
13.11.2019 22:14:51, 21.81
13.11.2019 22:20:53, 21.81
13.11.2019 22:26:54, 21.81
13.11.2019 22:32:57, 21.81
13.11.2019 22:38:59, 21.75
13.11.2019 22:45:01, 21.75
13.11.2019 22:51:02, 21.69
13.11.2019 22:57:04, 21.69
13.11.2019 23:03:05, 21.69
13.11.2019 23:09:07, 21.62
13.11.2019 23:15:07, 21.62
13.11.2019 23:21:08, 21.62
13.11.2019 23:27:10, 21.56
13.11.2019 23:33:11, 21.56
13.11.2019 23:39:12, 21.56
13.11.2019 23:45:14, 21.56
13.11.2019 23:51:15, 21.50
13.11.2019 23:57:16, 21.50
14.11.2019 00:03:17, 21.44
14.11.2019 00:09:19, 21.44
14.11.2019 00:15:20, 21.44
14.11.2019 00:21:21, 21.44
14.11.2019 00:27:22, 21.44
14.11.2019 00:33:23, 21.38
14.11.2019 00:39:24, 21.38
14.11.2019 00:45:25, 21.38
14.11.2019 00:51:28, 21.31
14.11.2019 00:57:30, 21.31
14.11.2019 01:03:32, 21.31
14.11.2019 01:09:34, 21.25
14.11.2019 01:15:35, 21.25
14.11.2019 01:21:39, 21.25
14.11.2019 01:27:39, 21.25
14.11.2019 01:33:39, 21.25
14.11.2019 01:39:41, 21.19
14.11.2019 01:45:42, 21.19
14.11.2019 01:51:43, 21.19
14.11.2019 01:57:43, 21.19
14.11.2019 02:03:45, 21.12
14.11.2019 02:09:47, 21.12
14.11.2019 02:15:48, 21.12
14.11.2019 02:21:49, 21.12
14.11.2019 02:27:50, 21.12
14.11.2019 02:33:52, 21.12
14.11.2019 02:39:52, 21.12
14.11.2019 02:45:54, 21.12
14.11.2019 02:51:54, 21.06
14.11.2019 02:57:55, 21.06
14.11.2019 03:03:57, 21.06
14.11.2019 03:09:59, 21.06
14.11.2019 03:16:00, 21.00
14.11.2019 03:22:01, 21.00
14.11.2019 03:28:03, 21.00
14.11.2019 03:34:03, 21.00
14.11.2019 03:40:05, 21.00
14.11.2019 03:46:05, 20.94
14.11.2019 03:52:07, 20.94
14.11.2019 03:58:09, 20.94
14.11.2019 04:04:11, 20.94
14.11.2019 04:10:11, 20.88
14.11.2019 04:16:12, 20.88
14.11.2019 04:22:14, 20.88
14.11.2019 04:28:14, 20.88
14.11.2019 04:34:15, 20.88
14.11.2019 04:40:15, 20.88
14.11.2019 04:46:16, 20.88
14.11.2019 04:52:18, 20.88
14.11.2019 04:58:19, 20.88
14.11.2019 05:04:21, 20.94
14.11.2019 05:10:22, 20.94
14.11.2019 05:16:23, 20.94
14.11.2019 05:22:24, 20.88
14.11.2019 05:28:24, 20.88
14.11.2019 05:34:25, 20.88
14.11.2019 05:40:27, 20.88
14.11.2019 05:46:28, 20.81
14.11.2019 05:52:29, 20.81
14.11.2019 05:58:30, 20.81
14.11.2019 06:04:32, 20.81
14.11.2019 06:10:35, 20.81
14.11.2019 06:16:37, 20.81
14.11.2019 06:22:38, 20.81
14.11.2019 06:28:41, 20.75
14.11.2019 06:34:43, 20.75
14.11.2019 06:40:44, 20.75
14.11.2019 06:46:45, 20.75
14.11.2019 06:52:45, 20.75
14.11.2019 06:58:47, 20.75
14.11.2019 07:04:50, 20.75
14.11.2019 07:10:53, 20.75
14.11.2019 07:16:55, 20.81
14.11.2019 07:22:56, 20.81
14.11.2019 07:28:56, 20.81
14.11.2019 07:34:58, 20.81
14.11.2019 07:41:01, 20.81
14.11.2019 07:47:03, 20.81
14.11.2019 07:53:04, 20.75
14.11.2019 07:59:06, 20.75
14.11.2019 08:05:09, 20.75
14.11.2019 08:11:11, 20.75
14.11.2019 08:17:12, 20.75
14.11.2019 08:23:14, 20.69
14.11.2019 08:29:14, 20.69
14.11.2019 08:35:17, 20.69
14.11.2019 08:41:19, 20.69
14.11.2019 08:47:21, 20.69
14.11.2019 08:53:24, 20.69
14.11.2019 08:59:25, 20.62
14.11.2019 09:05:26, 20.62
14.11.2019 09:11:26, 20.62
14.11.2019 09:17:30, 20.69
14.11.2019 09:23:31, 20.69
14.11.2019 09:29:32, 20.69
14.11.2019 09:35:33, 20.69
14.11.2019 09:41:34, 20.69
14.11.2019 09:47:35, 20.75
14.11.2019 09:53:37, 20.75
14.11.2019 09:59:38, 20.75
14.11.2019 10:05:39, 20.75
14.11.2019 10:11:41, 20.69
14.11.2019 10:17:43, 20.69
14.11.2019 10:23:44, 20.69
14.11.2019 10:29:46, 20.69
14.11.2019 10:35:48, 20.69
14.11.2019 10:41:51, 20.69
14.11.2019 10:47:51, 20.62
14.11.2019 10:53:53, 20.62
14.11.2019 10:59:54, 20.62
14.11.2019 11:05:56, 20.62
14.11.2019 11:11:59, 20.62
14.11.2019 11:18:01, 20.62
14.11.2019 11:24:03, 20.62
14.11.2019 11:30:05, 20.62
14.11.2019 11:36:08, 20.62
14.11.2019 11:42:09, 20.62
14.11.2019 11:48:10, 20.62
14.11.2019 11:54:11, 20.62
14.11.2019 12:00:13, 20.69
14.11.2019 12:06:15, 20.69
14.11.2019 12:12:17, 20.69
14.11.2019 12:18:19, 20.69
14.11.2019 12:24:21, 20.69
14.11.2019 12:30:21, 20.62
14.11.2019 12:36:23, 20.62
14.11.2019 12:42:23, 20.62
14.11.2019 12:48:23, 20.62
14.11.2019 12:54:26, 20.62
14.11.2019 13:00:28, 20.62
14.11.2019 13:06:29, 20.62
14.11.2019 13:12:31, 20.62
14.11.2019 13:18:33, 20.62
14.11.2019 13:24:35, 20.62
14.11.2019 13:30:38, 20.62
14.11.2019 13:36:38, 20.56
14.11.2019 13:42:40, 20.56
14.11.2019 13:48:42, 20.56
14.11.2019 13:54:43, 20.62
14.11.2019 14:00:44, 20.62
14.11.2019 14:06:46, 20.62
14.11.2019 14:12:48, 20.62
14.11.2019 14:18:49, 20.62
14.11.2019 14:24:52, 20.62
14.11.2019 14:30:53, 20.62
14.11.2019 14:36:53, 20.62
14.11.2019 14:42:54, 20.62
14.11.2019 14:48:56, 20.62
14.11.2019 14:54:58, 20.62
14.11.2019 15:00:59, 20.62
14.11.2019 15:07:02, 20.62
14.11.2019 15:13:03, 20.62
14.11.2019 15:19:05, 20.62
14.11.2019 15:25:06, 20.62
14.11.2019 15:31:06, 20.62
14.11.2019 15:37:06, 20.62
14.11.2019 15:43:08, 20.62
14.11.2019 15:49:08, 20.62
14.11.2019 15:55:08, 20.62
14.11.2019 16:01:11, 20.62
14.11.2019 16:07:13, 20.62
14.11.2019 16:13:14, 20.62
14.11.2019 16:19:17, 20.62
14.11.2019 16:25:18, 20.62
14.11.2019 16:31:20, 20.62
14.11.2019 16:37:21, 20.62
14.11.2019 16:43:21, 20.62
14.11.2019 16:49:23, 20.56
14.11.2019 16:55:25, 20.56
14.11.2019 17:01:26, 20.56
14.11.2019 17:07:29, 20.62
14.11.2019 17:13:30, 20.62
14.11.2019 17:19:31, 20.56
14.11.2019 17:25:33, 20.56
14.11.2019 17:28:32, 20.56
14.11.2019 17:28:40, 20.56
14.11.2019 17:28:46, 20.56
14.11.2019 17:30:21, 20.56
14.11.2019 17:31:35, 20.56
14.11.2019 17:37:36, 20.62
14.11.2019 17:43:38, 20.62
14.11.2019 17:49:39, 20.56
14.11.2019 17:55:41, 20.56
14.11.2019 18:01:43, 20.56
14.11.2019 18:07:44, 20.56
14.11.2019 18:13:45, 20.56
14.11.2019 18:19:46, 20.56
14.11.2019 18:25:48, 20.56
14.11.2019 18:31:49, 20.56
14.11.2019 18:37:50, 20.56
14.11.2019 18:43:52, 20.56
14.11.2019 18:49:54, 20.56
14.11.2019 18:55:56, 20.56
14.11.2019 19:01:57, 20.56
14.11.2019 19:07:58, 20.56
14.11.2019 19:13:58, 20.56
14.11.2019 19:19:59, 20.56
14.11.2019 19:26:01, 20.56
14.11.2019 19:32:02, 20.56
14.11.2019 19:38:04, 20.56
14.11.2019 19:44:05, 20.56
14.11.2019 19:50:05, 20.56
14.11.2019 19:56:07, 20.56
14.11.2019 20:02:07, 20.56
14.11.2019 20:08:09, 20.56
14.11.2019 20:14:13, 20.56
14.11.2019 20:20:13, 20.56
14.11.2019 20:26:16, 20.56
14.11.2019 20:32:16, 20.56
14.11.2019 20:38:16, 20.56
14.11.2019 20:44:19, 20.56
14.11.2019 20:50:21, 20.56
14.11.2019 20:56:23, 20.56
14.11.2019 21:02:25, 20.56
14.11.2019 21:08:27, 20.56
14.11.2019 21:14:29, 20.56
14.11.2019 21:20:31, 20.56
14.11.2019 21:26:32, 20.56
14.11.2019 21:32:34, 20.56
14.11.2019 21:38:35, 20.56
14.11.2019 21:44:37, 20.56
14.11.2019 21:50:37, 20.56
14.11.2019 21:56:37, 20.56
14.11.2019 22:02:38, 20.56
14.11.2019 22:08:40, 20.56
14.11.2019 22:14:43, 20.56
14.11.2019 22:20:44, 20.56
14.11.2019 22:26:45, 20.56
14.11.2019 22:32:46, 20.56
14.11.2019 22:38:48, 20.56
14.11.2019 22:44:50, 20.56
14.11.2019 22:50:50, 20.56
14.11.2019 22:56:51, 20.56
14.11.2019 23:02:52, 20.56
14.11.2019 23:08:52, 20.56
14.11.2019 23:14:52, 20.56
14.11.2019 23:20:55, 20.56
14.11.2019 23:26:56, 20.56
14.11.2019 23:32:58, 20.56
14.11.2019 23:39:00, 20.56
14.11.2019 23:45:01, 20.56
14.11.2019 23:51:01, 20.56
14.11.2019 23:57:02, 20.56
15.11.2019 00:03:03, 20.56
15.11.2019 00:09:04, 20.56
15.11.2019 00:15:04, 20.56
15.11.2019 00:21:06, 20.56
15.11.2019 00:27:07, 20.56
15.11.2019 00:33:09, 20.56
15.11.2019 00:39:11, 20.56
15.11.2019 00:45:12, 20.56
15.11.2019 00:51:13, 20.56
15.11.2019 00:57:13, 20.50
15.11.2019 01:03:15, 20.50
15.11.2019 01:09:16, 20.50
15.11.2019 01:15:18, 20.50
15.11.2019 01:21:18, 20.50
15.11.2019 01:27:19, 20.50
15.11.2019 01:33:21, 20.50
15.11.2019 01:39:21, 20.50
15.11.2019 01:45:22, 20.50
15.11.2019 01:51:22, 20.50
15.11.2019 01:57:25, 20.50
15.11.2019 02:03:26, 20.50
15.11.2019 02:09:27, 20.50
15.11.2019 02:15:29, 20.50
15.11.2019 02:21:30, 20.50
15.11.2019 02:27:32, 20.50
15.11.2019 02:33:33, 20.50
15.11.2019 02:39:35, 20.50
15.11.2019 02:45:36, 20.50
15.11.2019 02:51:38, 20.50
15.11.2019 02:57:40, 20.50
15.11.2019 03:03:40, 20.50
15.11.2019 03:09:41, 20.44
15.11.2019 03:15:43, 20.50
15.11.2019 03:21:45, 20.44
15.11.2019 03:27:47, 20.44
15.11.2019 03:33:49, 20.44
15.11.2019 03:39:50, 20.44
15.11.2019 03:45:51, 20.44
15.11.2019 03:51:55, 20.44
15.11.2019 03:57:54, 20.44
15.11.2019 04:03:54, 20.44
15.11.2019 04:09:54, 20.44
15.11.2019 04:15:56, 20.44
15.11.2019 04:21:58, 20.44
15.11.2019 04:28:00, 20.44
15.11.2019 04:34:02, 20.44
15.11.2019 04:40:03, 20.44
15.11.2019 04:46:06, 20.44
15.11.2019 04:52:08, 20.44
15.11.2019 04:58:09, 20.44
15.11.2019 05:04:11, 20.44
15.11.2019 05:10:12, 20.44
15.11.2019 05:16:12, 20.44
15.11.2019 05:22:13, 20.44
15.11.2019 05:28:14, 20.44
15.11.2019 05:34:16, 20.44
15.11.2019 05:40:18, 20.44
15.11.2019 05:46:18, 20.44
15.11.2019 05:52:19, 20.44
15.11.2019 05:58:19, 20.44
15.11.2019 06:04:21, 20.44
15.11.2019 06:10:23, 20.44
15.11.2019 06:16:26, 20.44
15.11.2019 06:22:27, 20.44
15.11.2019 06:28:30, 20.44
15.11.2019 06:34:31, 20.44
15.11.2019 06:40:31, 20.44
15.11.2019 06:46:34, 20.44
15.11.2019 06:52:35, 20.44
15.11.2019 06:58:38, 20.44
15.11.2019 07:04:39, 20.44
15.11.2019 07:10:40, 20.44
15.11.2019 07:16:41, 20.44
15.11.2019 07:22:42, 20.44
15.11.2019 07:28:43, 20.44
15.11.2019 07:34:44, 20.44
15.11.2019 07:40:45, 20.44
15.11.2019 07:46:47, 20.44
15.11.2019 07:52:48, 20.44
15.11.2019 07:58:51, 20.44
15.11.2019 08:04:53, 20.44
15.11.2019 08:10:53, 20.44
15.11.2019 08:16:54, 20.44
15.11.2019 08:22:56, 20.44
15.11.2019 08:28:57, 20.44
15.11.2019 08:34:58, 20.44
15.11.2019 08:40:59, 20.44
15.11.2019 08:47:00, 20.38
15.11.2019 08:53:02, 20.44
15.11.2019 08:59:03, 20.38
15.11.2019 09:05:05, 20.38
15.11.2019 09:11:05, 20.38
15.11.2019 09:17:06, 20.38
15.11.2019 09:23:06, 20.38
15.11.2019 09:29:08, 20.38
15.11.2019 09:35:09, 20.38
15.11.2019 09:41:09, 20.38
15.11.2019 09:47:11, 20.44
15.11.2019 09:53:13, 20.38
15.11.2019 09:59:15, 20.38
15.11.2019 10:05:17, 20.38
15.11.2019 10:11:18, 20.38
15.11.2019 10:17:19, 20.38
15.11.2019 10:23:21, 20.38
15.11.2019 10:29:22, 20.38
15.11.2019 10:35:22, 20.38
15.11.2019 10:41:25, 20.38
15.11.2019 10:47:25, 20.38
15.11.2019 10:53:26, 20.38
15.11.2019 10:59:29, 20.38
15.11.2019 11:05:29, 20.38
15.11.2019 11:11:30, 20.38
15.11.2019 11:17:30, 20.38
15.11.2019 11:23:31, 20.38
15.11.2019 11:29:32, 20.38
15.11.2019 11:35:33, 20.38
15.11.2019 11:41:34, 20.38
15.11.2019 11:47:36, 20.38
15.11.2019 11:53:39, 20.38
15.11.2019 11:59:39, 20.38
15.11.2019 12:05:40, 20.38
15.11.2019 12:11:42, 20.38
15.11.2019 12:17:44, 20.38
15.11.2019 12:23:45, 20.38
15.11.2019 12:29:47, 20.38
15.11.2019 12:35:49, 20.38
15.11.2019 12:40:43, 20.38
15.11.2019 12:41:32, 20.38
15.11.2019 12:41:41, 20.38
15.11.2019 12:41:46, 20.38
15.11.2019 12:41:52, 20.38
15.11.2019 12:41:52, 20.38
15.11.2019 12:49:54, 20.44
15.11.2019 12:50:03, 20.44
15.11.2019 12:55:53, 20.44
15.11.2019 13:01:55, 20.44
15.11.2019 13:07:56, 20.44
15.11.2019 13:13:57, 20.44
15.11.2019 13:19:58, 20.44
15.11.2019 13:25:59, 20.44
15.11.2019 13:32:02, 20.44
15.11.2019 13:38:03, 20.44
15.11.2019 13:44:03, 20.44
15.11.2019 13:50:05, 20.44
15.11.2019 13:56:07, 20.38
15.11.2019 14:02:09, 20.44
15.11.2019 14:08:10, 20.38
15.11.2019 14:14:11, 20.38
15.11.2019 14:20:14, 20.38
15.11.2019 14:26:15, 20.38
15.11.2019 14:32:15, 20.38
15.11.2019 14:38:17, 20.38
15.11.2019 14:44:20, 20.44
15.11.2019 14:50:20, 20.38
15.11.2019 14:56:22, 20.38
15.11.2019 15:02:23, 20.44
15.11.2019 15:08:24, 20.38
15.11.2019 15:14:25, 20.38
15.11.2019 15:20:26, 20.38
15.11.2019 15:26:27, 20.38
15.11.2019 15:32:27, 20.44
15.11.2019 15:38:28, 20.38
15.11.2019 15:44:31, 20.38
15.11.2019 15:50:33, 20.44
15.11.2019 15:56:36, 20.44
15.11.2019 16:02:37, 20.44
15.11.2019 16:08:39, 20.44
15.11.2019 16:14:39, 20.38
15.11.2019 16:20:41, 20.44
15.11.2019 16:26:42, 20.44
15.11.2019 16:32:44, 20.38
15.11.2019 16:38:47, 20.44
15.11.2019 16:44:48, 20.44
15.11.2019 16:50:49, 20.44
15.11.2019 16:56:50, 20.44
15.11.2019 17:02:52, 20.44
15.11.2019 17:08:52, 20.44
15.11.2019 17:14:54, 20.44
15.11.2019 17:20:55, 20.44
15.11.2019 17:26:56, 20.44
15.11.2019 17:32:56, 20.44
15.11.2019 17:38:58, 20.38
15.11.2019 17:45:00, 20.38
15.11.2019 17:51:00, 20.44
15.11.2019 17:57:01, 20.44
15.11.2019 18:03:02, 20.38
15.11.2019 18:09:02, 20.44
15.11.2019 18:15:04, 20.38
15.11.2019 18:21:06, 20.44
15.11.2019 18:27:06, 20.44
15.11.2019 18:33:08, 20.44
15.11.2019 18:39:09, 20.38
15.11.2019 18:45:11, 20.44
15.11.2019 18:51:13, 20.44
15.11.2019 18:57:15, 20.44
15.11.2019 19:03:15, 20.38
15.11.2019 19:09:17, 20.38
15.11.2019 19:15:18, 20.44
15.11.2019 19:21:20, 20.38
15.11.2019 19:27:20, 20.38
15.11.2019 19:33:22, 20.38
15.11.2019 19:34:20, 20.38
15.11.2019 19:34:23, 20.38
15.11.2019 19:34:43, 20.44
15.11.2019 19:34:48, 20.44
15.11.2019 19:39:22, 20.50
15.11.2019 19:41:47, 20.62
15.11.2019 19:45:25, 20.75
15.11.2019 19:51:25, 21.00
15.11.2019 19:57:27, 21.19
15.11.2019 20:03:28, 21.38
15.11.2019 20:09:30, 21.56
15.11.2019 20:15:33, 21.69
15.11.2019 20:21:34, 21.81
15.11.2019 20:27:37, 21.94
15.11.2019 20:33:39, 22.06
15.11.2019 20:39:40, 22.12
15.11.2019 20:45:40, 22.19
15.11.2019 20:51:43, 22.19
15.11.2019 20:57:44, 22.19
15.11.2019 21:03:45, 22.12
15.11.2019 21:09:47, 22.12
15.11.2019 21:15:48, 22.06
15.11.2019 21:21:50, 22.00
15.11.2019 21:27:52, 22.00
15.11.2019 21:33:53, 21.94
15.11.2019 21:39:53, 21.94
15.11.2019 21:45:53, 21.94
15.11.2019 21:51:55, 22.00
15.11.2019 21:57:55, 22.06
15.11.2019 22:03:57, 22.12
15.11.2019 22:09:58, 22.19
15.11.2019 22:16:00, 22.25
15.11.2019 22:22:01, 22.31
15.11.2019 22:28:02, 22.31
15.11.2019 22:34:05, 22.31
15.11.2019 22:40:06, 22.25
15.11.2019 22:46:08, 22.25
15.11.2019 22:52:10, 22.25
15.11.2019 22:58:10, 22.19
15.11.2019 23:04:10, 22.19
15.11.2019 23:10:11, 22.19
15.11.2019 23:16:12, 22.12
15.11.2019 23:22:15, 22.19
15.11.2019 23:28:16, 22.19
15.11.2019 23:34:19, 22.25
15.11.2019 23:40:20, 22.31
15.11.2019 23:46:21, 22.31
15.11.2019 23:52:22, 22.38
15.11.2019 23:58:24, 22.38
16.11.2019 00:04:24, 22.44
16.11.2019 00:10:27, 22.44
16.11.2019 00:16:28, 22.38
16.11.2019 00:22:28, 22.38
16.11.2019 00:28:29, 22.38
16.11.2019 00:34:32, 22.31
16.11.2019 00:40:35, 22.31
16.11.2019 00:46:37, 22.31
16.11.2019 00:52:38, 22.25
16.11.2019 00:58:38, 22.25
16.11.2019 01:04:40, 22.31
16.11.2019 01:10:41, 22.31
16.11.2019 01:16:42, 22.38
16.11.2019 01:22:44, 22.44
16.11.2019 01:28:45, 22.50
16.11.2019 01:34:46, 22.50
16.11.2019 01:40:48, 22.50
16.11.2019 01:46:48, 22.50
16.11.2019 01:52:49, 22.50
16.11.2019 01:58:51, 22.50
16.11.2019 02:04:51, 22.44
16.11.2019 02:10:54, 22.44
16.11.2019 02:16:55, 22.38
16.11.2019 02:22:56, 22.38
16.11.2019 02:28:58, 22.38
16.11.2019 02:34:58, 22.38
16.11.2019 02:41:01, 22.38
16.11.2019 02:47:02, 22.38
16.11.2019 02:53:03, 22.44
16.11.2019 02:59:06, 22.50
16.11.2019 03:05:07, 22.50
16.11.2019 03:11:07, 22.56
16.11.2019 03:17:08, 22.56
16.11.2019 03:23:08, 22.56
16.11.2019 03:29:08, 22.56
16.11.2019 03:35:09, 22.56
16.11.2019 03:41:10, 22.50
16.11.2019 03:47:10, 22.50
16.11.2019 03:53:11, 22.50
16.11.2019 03:59:12, 22.44
16.11.2019 04:05:13, 22.44
16.11.2019 04:11:15, 22.44
16.11.2019 04:17:17, 22.44
16.11.2019 04:23:18, 22.44
16.11.2019 04:29:20, 22.50
16.11.2019 04:35:22, 22.50
16.11.2019 04:41:22, 22.56
16.11.2019 04:47:22, 22.62
16.11.2019 04:53:24, 22.62
16.11.2019 04:59:26, 22.62
16.11.2019 05:05:26, 22.62
16.11.2019 05:11:28, 22.62
16.11.2019 05:17:29, 22.56
16.11.2019 05:23:31, 22.56
16.11.2019 05:29:32, 22.56
16.11.2019 05:35:32, 22.50
16.11.2019 05:41:33, 22.50
16.11.2019 05:47:34, 22.50
16.11.2019 05:53:35, 22.50
16.11.2019 05:59:35, 22.50
16.11.2019 06:05:37, 22.50
16.11.2019 06:11:39, 22.56
16.11.2019 06:17:41, 22.56
16.11.2019 06:23:44, 22.62
16.11.2019 06:29:44, 22.62
16.11.2019 06:35:46, 22.69
16.11.2019 06:41:46, 22.69
16.11.2019 06:47:47, 22.62
16.11.2019 06:53:50, 22.62
16.11.2019 06:59:50, 22.62
16.11.2019 07:05:51, 22.62
16.11.2019 07:11:51, 22.56
16.11.2019 07:17:53, 22.56
16.11.2019 07:23:55, 22.56
16.11.2019 07:29:56, 22.50
16.11.2019 07:35:58, 22.50
16.11.2019 07:41:59, 22.50
16.11.2019 07:48:00, 22.56
16.11.2019 07:54:01, 22.62
16.11.2019 08:00:03, 22.62
16.11.2019 08:06:04, 22.69
16.11.2019 08:12:06, 22.69
16.11.2019 08:18:06, 22.69
16.11.2019 08:24:06, 22.69
16.11.2019 08:30:07, 22.69
16.11.2019 08:36:09, 22.69
16.11.2019 08:42:11, 22.62
16.11.2019 08:48:13, 22.62
16.11.2019 08:54:15, 22.56
16.11.2019 09:00:17, 22.56
16.11.2019 09:06:19, 22.56
16.11.2019 09:12:21, 22.56
16.11.2019 09:18:23, 22.56
16.11.2019 09:24:23, 22.56
16.11.2019 09:30:25, 22.62
16.11.2019 09:36:27, 22.62
16.11.2019 09:42:28, 22.69
16.11.2019 09:48:30, 22.69
16.11.2019 09:54:32, 22.69
16.11.2019 10:00:32, 22.75
16.11.2019 10:06:32, 22.69
16.11.2019 10:12:32, 22.69
16.11.2019 10:18:35, 22.69
16.11.2019 10:24:36, 22.62
16.11.2019 10:30:38, 22.62
16.11.2019 10:36:42, 22.62
16.11.2019 10:42:43, 22.56
16.11.2019 10:48:43, 22.56
16.11.2019 10:54:44, 22.56
16.11.2019 11:00:45, 22.56
16.11.2019 11:06:47, 22.56
16.11.2019 11:12:50, 22.56
16.11.2019 11:18:52, 22.62
16.11.2019 11:24:53, 22.62
16.11.2019 11:30:54, 22.62
16.11.2019 11:36:56, 22.69
16.11.2019 11:42:56, 22.69
16.11.2019 11:48:58, 22.69
16.11.2019 11:54:59, 22.69
16.11.2019 12:01:00, 22.62
16.11.2019 12:07:02, 22.62
16.11.2019 12:13:03, 22.62
16.11.2019 12:19:06, 22.38
16.11.2019 12:25:08, 22.06
16.11.2019 12:31:08, 22.00
16.11.2019 12:37:08, 21.88
16.11.2019 12:43:10, 21.88
16.11.2019 12:49:11, 21.88
16.11.2019 12:55:13, 21.88
16.11.2019 13:01:15, 21.88
16.11.2019 13:07:15, 21.81
16.11.2019 13:13:16, 21.75
16.11.2019 13:19:18, 21.75
16.11.2019 13:25:19, 21.69
16.11.2019 13:31:21, 21.69
16.11.2019 13:37:26, 21.62
16.11.2019 13:43:28, 21.62
16.11.2019 13:49:28, 21.56
16.11.2019 13:55:28, 21.56
16.11.2019 14:01:28, 21.56
16.11.2019 14:07:30, 21.50
16.11.2019 14:13:30, 21.50
16.11.2019 14:19:33, 21.44
16.11.2019 14:25:36, 21.44
16.11.2019 14:31:38, 21.44
16.11.2019 14:37:40, 21.44
16.11.2019 14:43:41, 21.38
16.11.2019 14:49:42, 21.38
16.11.2019 14:55:43, 21.38
16.11.2019 15:01:43, 21.31
16.11.2019 15:07:44, 21.31
16.11.2019 15:13:46, 21.31
16.11.2019 15:19:47, 21.31
16.11.2019 15:25:48, 21.25
16.11.2019 15:31:48, 21.25
16.11.2019 15:37:50, 21.25
16.11.2019 15:43:50, 21.25
16.11.2019 15:49:52, 21.19
16.11.2019 15:55:53, 21.19
16.11.2019 16:01:53, 21.19
16.11.2019 16:07:56, 21.19
16.11.2019 16:13:56, 21.19
16.11.2019 16:19:57, 21.12
16.11.2019 16:25:59, 21.12
16.11.2019 16:32:01, 21.12
16.11.2019 16:38:03, 21.06
16.11.2019 16:44:03, 21.06
16.11.2019 16:50:03, 21.06
16.11.2019 16:51:49, 21.06
16.11.2019 16:56:05, 21.06
16.11.2019 17:02:05, 21.19
16.11.2019 17:48:04, 21.38
16.11.2019 17:54:07, 21.44
16.11.2019 17:59:28, 21.38
16.11.2019 18:00:48, 21.38
16.11.2019 18:06:49, 21.44
16.11.2019 18:09:52, 21.38
16.11.2019 18:22:22, 21.38
16.11.2019 18:23:53, 21.44
16.11.2019 18:25:51, 21.44
16.11.2019 18:26:35, 21.44
16.11.2019 18:26:48, 21.44
16.11.2019 18:32:38, 21.44
16.11.2019 18:38:40, 21.38
16.11.2019 18:44:40, 21.31
16.11.2019 18:50:42, 21.31
16.11.2019 18:56:44, 21.25
16.11.2019 19:02:45, 21.25
16.11.2019 19:08:45, 21.25
16.11.2019 19:14:45, 21.19
16.11.2019 19:20:46, 21.19
16.11.2019 19:26:49, 21.19
16.11.2019 19:32:52, 21.12
16.11.2019 19:38:53, 21.12
16.11.2019 19:44:55, 21.12
16.11.2019 19:50:57, 21.06
16.11.2019 19:56:59, 21.06
16.11.2019 20:03:00, 21.06
16.11.2019 20:09:02, 21.06
16.11.2019 20:15:03, 21.00
16.11.2019 20:21:05, 21.00
16.11.2019 20:27:05, 21.00
16.11.2019 20:33:06, 21.00
16.11.2019 20:39:06, 21.00
16.11.2019 20:45:07, 21.00
16.11.2019 20:51:09, 20.94
16.11.2019 20:57:11, 20.94
16.11.2019 21:03:13, 20.94
16.11.2019 21:09:15, 20.94
16.11.2019 21:15:17, 20.88
16.11.2019 21:21:19, 20.88
16.11.2019 21:27:21, 20.88
16.11.2019 21:33:24, 20.88
16.11.2019 21:39:24, 20.88
16.11.2019 21:45:25, 20.81
16.11.2019 21:51:29, 20.81
16.11.2019 21:57:30, 20.81
16.11.2019 22:03:33, 20.81
16.11.2019 22:09:34, 20.75
16.11.2019 22:15:34, 20.75
16.11.2019 22:21:36, 20.75
16.11.2019 22:27:37, 20.75
16.11.2019 22:33:38, 20.75
16.11.2019 22:39:40, 20.69
16.11.2019 22:45:42, 20.69
16.11.2019 22:51:45, 20.69
16.11.2019 22:57:47, 20.69
16.11.2019 23:03:49, 20.62
16.11.2019 23:09:50, 20.62
16.11.2019 23:15:51, 20.62
16.11.2019 23:21:53, 20.62
16.11.2019 23:27:54, 20.62
16.11.2019 23:33:56, 20.56
16.11.2019 23:39:55, 20.56
16.11.2019 23:45:57, 20.56
16.11.2019 23:51:57, 20.56
16.11.2019 23:57:57, 20.56
17.11.2019 00:03:59, 20.50
17.11.2019 00:10:00, 20.50
17.11.2019 00:16:02, 20.50
17.11.2019 00:22:02, 20.50
17.11.2019 00:28:03, 20.50
17.11.2019 00:34:03, 20.44
17.11.2019 00:40:04, 20.44
17.11.2019 00:46:07, 20.44
17.11.2019 00:52:09, 20.44
17.11.2019 00:58:09, 20.44
17.11.2019 01:04:10, 20.44
17.11.2019 01:10:12, 20.38
17.11.2019 01:16:13, 20.38
17.11.2019 01:22:15, 20.38
17.11.2019 01:28:17, 20.38
17.11.2019 01:34:20, 20.38
17.11.2019 01:40:20, 20.38
17.11.2019 01:46:20, 20.38
17.11.2019 01:52:22, 20.31
17.11.2019 01:58:22, 20.38
17.11.2019 02:04:25, 20.31
17.11.2019 02:10:27, 20.31
17.11.2019 02:16:29, 20.31
17.11.2019 02:22:30, 20.31
17.11.2019 02:28:31, 20.31
17.11.2019 02:34:33, 20.31
17.11.2019 02:40:35, 20.31
17.11.2019 02:46:37, 20.25
17.11.2019 02:52:38, 20.25
17.11.2019 02:58:39, 20.25
17.11.2019 03:04:41, 20.25
17.11.2019 03:10:42, 20.25
17.11.2019 03:16:43, 20.25
17.11.2019 03:22:43, 20.19
17.11.2019 03:28:43, 20.19
17.11.2019 03:34:45, 20.19
17.11.2019 03:40:47, 20.19
17.11.2019 03:46:49, 20.19
17.11.2019 03:52:51, 20.19
17.11.2019 03:58:52, 20.19
17.11.2019 04:04:53, 20.19
17.11.2019 04:10:56, 20.12
17.11.2019 04:16:57, 20.12
17.11.2019 04:22:58, 20.12
17.11.2019 04:28:59, 20.12
17.11.2019 04:34:59, 20.12
17.11.2019 04:41:00, 20.06
17.11.2019 04:47:03, 20.12
17.11.2019 04:53:03, 20.06
17.11.2019 04:59:04, 20.06
17.11.2019 05:05:06, 20.12
17.11.2019 05:11:07, 20.06
17.11.2019 05:17:08, 20.06
17.11.2019 05:23:08, 20.06
17.11.2019 05:29:09, 20.06
17.11.2019 05:35:11, 20.06
17.11.2019 05:41:12, 20.06
17.11.2019 05:47:13, 20.00
17.11.2019 05:53:14, 20.00
17.11.2019 05:59:15, 20.00
17.11.2019 06:05:17, 20.00
17.11.2019 06:11:19, 20.00
17.11.2019 06:17:20, 20.00
17.11.2019 06:23:21, 19.94
17.11.2019 06:29:22, 19.94
17.11.2019 06:35:24, 19.94
17.11.2019 06:41:26, 19.94
17.11.2019 06:47:27, 19.94
17.11.2019 06:53:29, 19.94
17.11.2019 06:59:30, 19.94
17.11.2019 07:05:30, 19.94
17.11.2019 07:11:30, 19.94
17.11.2019 07:17:32, 19.94
17.11.2019 07:23:34, 19.88
17.11.2019 07:29:36, 19.88
17.11.2019 07:35:37, 19.88
17.11.2019 07:41:39, 19.88
17.11.2019 07:47:39, 19.88
17.11.2019 07:53:42, 19.81
17.11.2019 07:59:42, 19.88
17.11.2019 08:05:43, 19.88
17.11.2019 08:11:43, 19.88
17.11.2019 08:17:46, 19.88
17.11.2019 08:23:46, 19.88
17.11.2019 08:29:48, 19.88
17.11.2019 08:35:48, 19.81
17.11.2019 08:41:48, 19.81
17.11.2019 08:47:49, 19.81
17.11.2019 08:53:51, 19.81
17.11.2019 08:59:53, 19.75
17.11.2019 09:05:53, 19.75
17.11.2019 09:11:56, 19.75
17.11.2019 09:17:56, 19.81
17.11.2019 09:23:58, 19.75
17.11.2019 09:29:58, 19.75
17.11.2019 09:36:01, 19.75
17.11.2019 09:36:51, 19.75
17.11.2019 09:42:03, 19.88
17.11.2019 09:51:33, 20.31
17.11.2019 09:54:06, 20.38
17.11.2019 09:55:54, 20.44
17.11.2019 09:56:42, 20.50
17.11.2019 09:57:04, 20.50
17.11.2019 10:02:42, 20.69
17.11.2019 10:08:42, 20.81
17.11.2019 10:14:44, 20.94
17.11.2019 10:20:45, 21.12
17.11.2019 10:26:48, 21.25
17.11.2019 10:32:49, 21.44
17.11.2019 10:38:50, 21.56
17.11.2019 10:44:51, 21.69
17.11.2019 10:50:52, 21.75
17.11.2019 10:56:55, 21.88
17.11.2019 11:02:56, 21.94
17.11.2019 11:08:56, 22.00
17.11.2019 11:14:56, 22.12
17.11.2019 11:20:57, 22.19
17.11.2019 11:24:33, 22.12
17.11.2019 11:24:40, 22.06
17.11.2019 11:26:05, 22.06
17.11.2019 11:26:10, 22.12
17.11.2019 11:27:00, 22.12
17.11.2019 11:27:06, 22.12
17.11.2019 11:28:15, 22.12
17.11.2019 11:28:20, 22.12
17.11.2019 11:34:18, 22.12
17.11.2019 11:40:18, 22.12
17.11.2019 11:46:18, 22.19
17.11.2019 11:52:20, 22.19
17.11.2019 11:58:21, 22.19
17.11.2019 12:04:23, 22.19
17.11.2019 12:10:25, 22.12
17.11.2019 12:16:25, 22.06
17.11.2019 12:22:27, 22.00
17.11.2019 12:28:30, 22.00
17.11.2019 12:34:31, 21.94
17.11.2019 12:40:32, 21.94
17.11.2019 12:46:33, 21.69
17.11.2019 12:52:33, 21.44
17.11.2019 12:58:33, 21.38
17.11.2019 13:04:34, 21.25
17.11.2019 13:10:36, 21.19
17.11.2019 13:16:37, 21.12
17.11.2019 13:22:40, 21.12
17.11.2019 13:28:42, 21.06
17.11.2019 13:34:43, 21.06
17.11.2019 13:40:45, 21.00
17.11.2019 13:46:46, 21.00
17.11.2019 13:52:47, 20.94
17.11.2019 13:58:48, 21.00
17.11.2019 14:04:49, 20.94
17.11.2019 14:10:52, 20.94
17.11.2019 14:16:53, 20.94
17.11.2019 14:22:55, 20.94
17.11.2019 14:28:56, 20.94
17.11.2019 14:34:56, 20.94
17.11.2019 14:40:58, 20.94
17.11.2019 14:47:01, 20.94
17.11.2019 14:53:03, 20.94
17.11.2019 14:59:04, 20.94
17.11.2019 15:05:03, 20.94
17.11.2019 15:11:04, 20.88
17.11.2019 15:17:04, 20.88
17.11.2019 15:23:06, 20.88
17.11.2019 15:29:08, 20.88
17.11.2019 15:31:13, 25.44
17.11.2019 15:31:25, 25.31
17.11.2019 15:31:37, 24.94
17.11.2019 15:32:22, 23.81
17.11.2019 15:32:28, 23.75
17.11.2019 16:27:30, 21.50
17.11.2019 16:34:37, 21.44
17.11.2019 16:38:34, 21.38
17.11.2019 16:44:36, 21.38
17.11.2019 16:45:52, 21.38
17.11.2019 16:46:34, 21.38
17.11.2019 16:46:54, 21.38
17.11.2019 16:47:05, 21.38
17.11.2019 16:47:10, 21.38
17.11.2019 16:47:16, 21.31
17.11.2019 16:47:38, 21.38
17.11.2019 16:47:44, 21.38
17.11.2019 16:52:36, 21.31
17.11.2019 16:58:37, 21.31
17.11.2019 17:04:37, 21.31
17.11.2019 17:10:38, 21.31
17.11.2019 17:16:39, 21.25
17.11.2019 17:22:39, 21.25
17.11.2019 17:28:42, 21.25
17.11.2019 17:34:42, 21.31
17.11.2019 17:52:58, 21.31
17.11.2019 18:15:32, 21.44
17.11.2019 18:33:46, 21.44
17.11.2019 18:49:20, 21.38
17.11.2019 18:49:45, 21.38
17.11.2019 18:55:23, 21.38
17.11.2019 19:01:25, 21.38
17.11.2019 19:07:26, 21.38
17.11.2019 19:13:27, 21.31
17.11.2019 19:19:27, 21.25
17.11.2019 19:25:29, 21.25
17.11.2019 19:31:30, 21.25
17.11.2019 19:37:31, 21.19
17.11.2019 19:43:31, 21.19
17.11.2019 19:49:31, 21.12
17.11.2019 19:55:32, 21.12
17.11.2019 20:01:33, 21.12
17.11.2019 20:07:33, 21.06
17.11.2019 20:13:34, 21.06
17.11.2019 20:19:36, 21.06
17.11.2019 20:25:37, 21.06
17.11.2019 20:31:38, 21.06
17.11.2019 20:37:40, 21.12
17.11.2019 20:43:41, 21.12
17.11.2019 20:49:43, 21.12
17.11.2019 20:55:44, 21.12
17.11.2019 21:01:46, 21.12
17.11.2019 21:07:48, 21.12
17.11.2019 21:13:50, 21.12
17.11.2019 21:19:52, 21.12
17.11.2019 21:25:52, 21.06
17.11.2019 21:31:53, 21.06
17.11.2019 21:37:54, 21.00
17.11.2019 21:43:55, 21.00
17.11.2019 21:49:58, 21.00
17.11.2019 21:55:59, 21.00
17.11.2019 22:02:00, 20.94
17.11.2019 22:08:02, 21.00
17.11.2019 22:14:02, 20.94
17.11.2019 22:20:02, 21.00
17.11.2019 22:26:03, 21.00
17.11.2019 22:32:05, 21.00
17.11.2019 22:38:08, 21.00
17.11.2019 22:44:09, 21.06
17.11.2019 22:50:10, 21.06
17.11.2019 22:56:12, 21.06
17.11.2019 23:02:13, 21.06
17.11.2019 23:08:13, 21.06
17.11.2019 23:14:16, 21.00
17.11.2019 23:20:16, 21.00
17.11.2019 23:26:17, 21.00
17.11.2019 23:32:19, 21.00
17.11.2019 23:38:20, 21.00
17.11.2019 23:44:21, 20.94
17.11.2019 23:50:22, 20.94
17.11.2019 23:56:22, 20.94
18.11.2019 00:02:23, 20.94
18.11.2019 00:08:23, 20.88
18.11.2019 00:14:26, 20.94
18.11.2019 00:20:28, 20.94
18.11.2019 00:26:28, 20.94
18.11.2019 00:32:32, 20.94
18.11.2019 00:38:32, 20.94
18.11.2019 00:44:33, 21.00
18.11.2019 00:50:35, 21.00
18.11.2019 00:56:38, 21.00
18.11.2019 01:02:39, 21.00
18.11.2019 01:08:40, 20.94
18.11.2019 01:14:43, 20.94
18.11.2019 01:20:44, 20.94
18.11.2019 01:26:45, 20.94
18.11.2019 01:32:45, 20.94
18.11.2019 01:38:47, 20.94
18.11.2019 01:44:48, 20.88
18.11.2019 01:50:48, 20.88
18.11.2019 01:56:49, 20.88
18.11.2019 02:02:50, 20.88
18.11.2019 02:08:52, 20.88
18.11.2019 02:14:54, 20.88
18.11.2019 02:20:56, 20.88
18.11.2019 02:26:59, 20.88
18.11.2019 02:33:00, 20.94
18.11.2019 02:39:01, 20.88
18.11.2019 02:45:02, 20.88
18.11.2019 02:51:04, 20.94
18.11.2019 02:57:05, 20.94
18.11.2019 03:03:07, 20.94
18.11.2019 03:09:08, 20.94
18.11.2019 03:15:10, 20.94
18.11.2019 03:21:12, 20.94
18.11.2019 03:27:13, 20.94
18.11.2019 03:33:16, 20.94
18.11.2019 03:39:18, 20.88
18.11.2019 03:45:20, 20.88
18.11.2019 03:51:21, 20.88
18.11.2019 03:57:21, 20.88
18.11.2019 04:03:23, 20.88
18.11.2019 04:09:25, 20.88
18.11.2019 04:15:26, 20.88
18.11.2019 04:21:29, 20.88
18.11.2019 04:27:30, 20.88
18.11.2019 04:33:30, 20.88
18.11.2019 04:39:33, 20.88
18.11.2019 04:45:33, 20.88
18.11.2019 04:51:34, 20.88
18.11.2019 04:57:34, 20.88
18.11.2019 05:03:36, 20.88
18.11.2019 05:09:37, 20.88
18.11.2019 05:15:38, 20.88
18.11.2019 05:21:39, 20.88
18.11.2019 05:27:41, 20.88
18.11.2019 05:33:42, 20.81
18.11.2019 05:39:42, 20.88
18.11.2019 05:45:45, 20.88
18.11.2019 05:51:46, 20.88
18.11.2019 05:57:47, 20.81
18.11.2019 06:03:48, 20.88
18.11.2019 06:09:48, 20.81
18.11.2019 06:15:50, 20.88
18.11.2019 06:21:52, 20.81
18.11.2019 06:27:53, 20.81
18.11.2019 06:33:56, 20.88
18.11.2019 06:39:57, 20.81
18.11.2019 06:45:58, 20.81
18.11.2019 06:51:59, 20.81
18.11.2019 06:58:00, 20.81
18.11.2019 07:04:03, 20.81
18.11.2019 07:10:05, 20.81
18.11.2019 07:16:05, 20.81
18.11.2019 07:22:05, 20.88
18.11.2019 07:28:05, 20.81
18.11.2019 07:34:05, 20.81
18.11.2019 07:40:08, 20.81
18.11.2019 07:46:11, 20.81
18.11.2019 07:52:12, 20.81
18.11.2019 07:58:12, 20.81
18.11.2019 08:04:12, 20.81
18.11.2019 08:10:12, 20.81
18.11.2019 08:16:13, 20.81
18.11.2019 08:22:15, 20.81
18.11.2019 08:28:18, 20.81
18.11.2019 08:34:19, 20.81
18.11.2019 08:40:21, 20.81
18.11.2019 08:46:24, 20.81
18.11.2019 08:52:25, 20.81
18.11.2019 08:58:28, 20.81
18.11.2019 09:04:28, 20.81
18.11.2019 09:10:30, 20.81
18.11.2019 09:16:32, 20.81
18.11.2019 09:22:34, 20.81
18.11.2019 09:27:14, 20.81
18.11.2019 09:29:08, 20.81
18.11.2019 09:29:17, 20.81
18.11.2019 14:58:04,0
18.11.2019 15:14:55,0
18.11.2019 15:46:24,0
18.11.2019 15:47:16,0
19.11.2019 11:14:10,0
19.11.2019 11:48:32,0
19.11.2019 12:23:09,0
19.11.2019 12:23:51, 21.69
19.11.2019 12:24:14, 21.69
19.11.2019 12:55:08, 22.19
19.11.2019 13:01:09, 22.19
19.11.2019 13:07:09, 22.19
19.11.2019 13:13:09, 22.12
19.11.2019 13:19:11, 22.06
19.11.2019 13:25:14, 22.00
19.11.2019 13:31:15, 22.00
19.11.2019 13:37:15, 21.94
19.11.2019 13:43:15, 21.88
19.11.2019 13:49:18, 21.94
19.11.2019 13:55:18, 21.94
19.11.2019 14:01:19, 22.00
19.11.2019 14:07:19, 22.06
19.11.2019 14:13:20, 22.12
19.11.2019 14:19:22, 22.19
19.11.2019 14:25:22, 22.25
19.11.2019 14:31:25, 22.25
19.11.2019 14:37:27, 22.25
19.11.2019 14:43:27, 22.25
19.11.2019 14:49:28, 22.25
19.11.2019 14:55:29, 22.19
19.11.2019 15:01:31, 22.19
19.11.2019 15:07:33, 22.19
19.11.2019 15:13:34, 22.12
19.11.2019 15:19:35, 22.12
19.11.2019 15:25:36, 22.12
19.11.2019 15:31:39, 22.19
19.11.2019 15:37:41, 22.19
19.11.2019 15:43:41, 21.81
19.11.2019 15:49:42, 21.62
19.11.2019 15:55:43, 21.50
19.11.2019 16:01:43, 21.62
19.11.2019 16:07:45, 21.62
19.11.2019 16:13:47, 21.56
19.11.2019 16:19:48, 22.25
19.11.2019 16:25:49, 22.88
20.11.2019 17:22:20,0
20.11.2019 17:42:11,0
20.11.2019 17:43:38,0
20.11.2019 17:45:19,0
20.11.2019 18:04:09,0
20.11.2019 18:06:19,0
20.11.2019 18:07:06,0
20.11.2019 18:16:44,0
20.11.2019 18:21:51,0
20.11.2019 18:25:53,0
20.11.2019 18:27:52,0
20.11.2019 18:29:20,0
20.11.2019 18:38:07,0
21.11.2019 12:38:50,0
21.11.2019 12:45:40,0
21.11.2019 12:54:50,0
21.11.2019 12:56:05,0
21.11.2019 12:57:25,0
21.11.2019 13:02:25,0
21.11.2019 13:20:16,0
21.11.2019 13:21:27,0
21.11.2019 13:22:22,0
21.11.2019 13:23:11,0
21.11.2019 17:27:03,0
21.11.2019 17:28:56,0
21.11.2019 17:31:24,0
21.11.2019 17:40:37,0
21.11.2019 17:41:24,0
21.11.2019 17:43:26,0
21.11.2019 17:46:23,0
21.11.2019 17:47:19,0
21.11.2019 17:47:58,0
21.11.2019 17:50:30,0
21.11.2019 17:56:29,0
21.11.2019 17:59:42,0
21.11.2019 18:00:37,0
21.11.2019 18:06:09,0
21.11.2019 18:07:10,0
21.11.2019 18:10:30,0
21.11.2019 18:13:58,0
21.11.2019 18:18:59,0
21.11.2019 18:19:39,0
21.11.2019 18:20:29,0
21.11.2019 18:25:47,0
21.11.2019 18:30:03,0
21.11.2019 18:36:30,0
21.11.2019 18:38:15,0
21.11.2019 18:40:25,0
21.11.2019 18:44:51,0
21.11.2019 18:45:48,0
21.11.2019 18:46:50,0
21.11.2019 18:48:15,0
22.11.2019 12:20:53,0
22.11.2019 12:21:48,0
22.11.2019 12:23:58,0
22.11.2019 12:25:26,0
22.11.2019 12:27:26,0
22.11.2019 12:31:21,0
22.11.2019 12:36:11,0
22.11.2019 12:40:28,0
22.11.2019 12:41:22,0
22.11.2019 12:42:56,0
22.11.2019 12:45:29,0
22.11.2019 12:47:04,0
22.11.2019 12:48:19,0
22.11.2019 16:06:20,0
22.11.2019 16:08:03,0
22.11.2019 16:11:17,0
22.11.2019 16:17:20,0
22.11.2019 16:18:06,0
22.11.2019 16:23:18,0
22.11.2019 16:26:30,0
22.11.2019 16:29:51,0
22.11.2019 16:31:11,0
22.11.2019 16:35:47,0
22.11.2019 16:37:10,0
22.11.2019 16:38:20,0
22.11.2019 16:40:11,0
22.11.2019 16:43:24,0
22.11.2019 16:49:17,0
22.11.2019 16:53:49,0
22.11.2019 16:57:36,0
22.11.2019 17:02:28,0
22.11.2019 17:04:07,0
22.11.2019 17:06:39,0
22.11.2019 17:07:33,0
22.11.2019 17:09:23,0
22.11.2019 17:10:24,0
22.11.2019 17:11:51,0
22.11.2019 17:12:18,0
22.11.2019 17:14:53,0
22.11.2019 17:16:05,0
22.11.2019 17:17:20,0
22.11.2019 17:28:06,0
22.11.2019 17:30:23,0
22.11.2019 17:31:47,0
22.11.2019 17:32:33,0
22.11.2019 17:36:25,0
22.11.2019 17:37:18,0
22.11.2019 17:39:00,0
22.11.2019 17:42:08,0
22.11.2019 17:48:31,0
22.11.2019 17:49:10,0
23.11.2019 09:37:15,0
23.11.2019 09:38:04,0
23.11.2019 09:38:35,0
23.11.2019 09:41:32,0
23.11.2019 09:42:48,0
23.11.2019 09:44:03,0
23.11.2019 09:46:14,0
23.11.2019 09:47:38,0
23.11.2019 09:55:33,0
23.11.2019 10:05:38,0
23.11.2019 10:06:44,0
23.11.2019 10:24:34,0
23.11.2019 10:25:22,0
23.11.2019 10:42:19,0
23.11.2019 10:45:15,0
23.11.2019 10:53:17,0
23.11.2019 10:58:51,0
23.11.2019 11:06:28,0
23.11.2019 11:08:13,0
23.11.2019 11:09:27,0
23.11.2019 11:11:15,0
23.11.2019 11:12:54,0
23.11.2019 11:15:03,0
23.11.2019 11:21:03,0
23.11.2019 11:23:47,0
23.11.2019 11:25:14,0
23.11.2019 11:26:58,0
23.11.2019 11:32:58,0
23.11.2019 11:39:00,0
23.11.2019 11:45:02,0
23.11.2019 15:08:12,0
23.11.2019 15:09:42,0
23.11.2019 15:10:47,0
23.11.2019 15:16:46,0
23.11.2019 15:21:32,0
23.11.2019 15:22:15,0
23.11.2019 15:24:05,0
23.11.2019 15:24:19,0
23.11.2019 15:26:23,0
23.11.2019 15:27:59,0
23.11.2019 15:30:12,0
23.11.2019 15:35:32,0
23.11.2019 15:38:45,0
23.11.2019 15:39:44,0
23.11.2019 15:40:18,0
23.11.2019 15:41:10,0
23.11.2019 15:43:18,0
23.11.2019 15:44:02,0
23.11.2019 15:48:53,0
23.11.2019 15:51:47,0
23.11.2019 15:52:35,0
23.11.2019 15:53:05,0
23.11.2019 15:55:04,0
23.11.2019 16:00:19,0
23.11.2019 16:02:31,0
23.11.2019 16:05:14,0
23.11.2019 16:09:36,0
23.11.2019 16:12:07,0
23.11.2019 16:16:21,0
23.11.2019 16:18:18,0
23.11.2019 16:20:35,0
23.11.2019 16:21:15,0
23.11.2019 16:22:05,0
23.11.2019 16:28:24,0
23.11.2019 16:29:33,0
23.11.2019 16:31:18,0
23.11.2019 16:32:36,0
23.11.2019 16:37:49,0
23.11.2019 16:38:35,0
23.11.2019 16:39:20,0
23.11.2019 16:42:40,0
23.11.2019 16:48:43,0
23.11.2019 16:54:45,0
23.11.2019 16:55:05,0
23.11.2019 17:12:40,0
23.11.2019 17:15:43,0
23.11.2019 17:17:44,0
23.11.2019 17:23:46,0
23.11.2019 17:27:44,0
23.11.2019 17:29:25,0
23.11.2019 17:30:30,0
23.11.2019 17:32:15,0
23.11.2019 17:33:14,0
23.11.2019 17:34:48,0
23.11.2019 17:35:53,0
23.11.2019 17:38:52,0
23.11.2019 17:44:57,0
23.11.2019 17:48:54,0
23.11.2019 19:35:36,0
23.11.2019 19:41:41,0
23.11.2019 19:44:07,0
23.11.2019 19:48:08,0
24.11.2019 10:02:27,0
24.11.2019 10:03:25,0
24.11.2019 10:04:37,0
24.11.2019 10:08:25,0
24.11.2019 10:14:24,0
24.11.2019 10:15:13,0
24.11.2019 10:19:57,0
24.11.2019 10:23:14,0
24.11.2019 10:24:31,0
24.11.2019 10:27:38,0
24.11.2019 10:29:55,0
24.11.2019 10:34:48,0
24.11.2019 10:41:22,0
24.11.2019 10:43:14,0
24.11.2019 10:46:04,0
24.11.2019 11:14:31,0
24.11.2019 11:18:37,0
24.11.2019 11:19:28,0
24.11.2019 11:20:55,0
24.11.2019 11:21:54,0
24.11.2019 15:35:44,0
24.11.2019 15:36:23,0
24.11.2019 15:38:11,0
24.11.2019 15:39:40,0
24.11.2019 15:49:14,0
24.11.2019 15:50:26,0
24.11.2019 15:51:23,0
24.11.2019 15:52:13,0
24.11.2019 16:06:31,0
24.11.2019 16:07:11,0
24.11.2019 16:08:00,0
24.11.2019 16:09:23,0
24.11.2019 16:10:07,0
24.11.2019 18:40:22,0
24.11.2019 18:42:58,0
24.11.2019 18:45:05,0
24.11.2019 18:47:57,0
24.11.2019 18:51:48,0
24.11.2019 19:48:51,0
24.11.2019 19:50:42,0
24.11.2019 20:00:13,0
24.11.2019 20:01:49,0
24.11.2019 20:14:22,0
24.11.2019 20:26:50,0
24.11.2019 20:27:28,0
24.11.2019 20:28:26,0
24.11.2019 20:30:33,0
25.11.2019 07:19:36,0
25.11.2019 07:26:50,0
25.11.2019 07:33:59,0
25.11.2019 07:36:09,0
25.11.2019 07:37:17,0
25.11.2019 07:37:47,0
25.11.2019 07:42:39,0
25.11.2019 07:46:14,0
25.11.2019 07:50:10,0
25.11.2019 10:21:56,0
25.11.2019 10:23:37,0
25.11.2019 10:26:30,0
25.11.2019 10:29:56,0
25.11.2019 10:31:48,0
25.11.2019 10:36:54,0
25.11.2019 10:39:05,0
25.11.2019 10:40:41,0
25.11.2019 10:41:50,0
25.11.2019 10:46:52,0
25.11.2019 10:48:38,0
25.11.2019 10:52:59,0
25.11.2019 10:55:33,0
25.11.2019 10:57:11,0
25.11.2019 10:59:46,0
25.11.2019 11:03:57,0
25.11.2019 11:15:18,0
