10.01.2020 12:05:55,12.86
10.01.2020 12:06:15,12.86
10.01.2020 12:08:17,12.99
10.01.2020 12:08:29,12.90
10.01.2020 12:09:13,12.91
10.01.2020 12:11:57,12.91
10.01.2020 12:17:59,12.95
10.01.2020 12:24:02,12.98
10.01.2020 12:30:03,12.99
10.01.2020 12:31:54,12.99
10.01.2020 12:32:49,12.99
10.01.2020 12:37:55,13.01
10.01.2020 12:43:57,13.03
10.01.2020 12:49:58,13.04
10.01.2020 12:56:00,13.06
10.01.2020 13:02:02,13.07
10.01.2020 13:08:05,13.08
10.01.2020 13:14:05,13.08
10.01.2020 13:20:06,13.10
10.01.2020 13:26:08,13.11
10.01.2020 13:32:10,13.11
10.01.2020 13:38:12,13.12
10.01.2020 13:44:12,13.12
10.01.2020 13:50:14,13.12
10.01.2020 13:56:16,13.14
10.01.2020 14:02:20,13.14
10.01.2020 14:08:19,13.14
10.01.2020 14:14:21,13.15
10.01.2020 14:20:23,13.15
10.01.2020 14:26:23,13.16
10.01.2020 14:32:24,13.15
10.01.2020 14:38:26,13.16
10.01.2020 14:44:30,13.16
10.01.2020 14:50:32,13.16
10.01.2020 14:56:34,13.16
10.01.2020 15:02:36,13.16
10.01.2020 15:08:36,13.18
10.01.2020 15:14:38,13.18
10.01.2020 15:20:41,13.19
10.01.2020 15:26:42,13.19
10.01.2020 15:32:45,13.19
10.01.2020 15:38:45,13.19
10.01.2020 15:44:46,13.19
10.01.2020 15:50:48,13.19
10.01.2020 15:56:50,13.18
10.01.2020 16:02:52,13.20
10.01.2020 16:08:54,13.20
10.01.2020 16:14:57,13.20
10.01.2020 16:20:58,13.20
10.01.2020 16:27:00,13.20
10.01.2020 16:33:00,13.20
10.01.2020 16:39:03,13.21
10.01.2020 16:45:03,13.20
10.01.2020 16:51:06,13.21
10.01.2020 16:57:08,13.23
10.01.2020 17:03:11,13.21
10.01.2020 17:09:14,13.23
10.01.2020 17:15:16,13.21
10.01.2020 17:21:18,13.23
10.01.2020 17:27:20,13.21
10.01.2020 17:33:23,13.21
10.01.2020 17:39:24,13.23
10.01.2020 17:45:26,13.23
10.01.2020 17:51:27,13.23
10.01.2020 17:57:28,13.23
10.01.2020 18:03:29,13.23
10.01.2020 18:09:31,13.23
10.01.2020 18:15:34,13.24
10.01.2020 18:21:36,13.24
10.01.2020 18:27:37,13.24
10.01.2020 18:33:38,13.24
10.01.2020 18:39:39,13.24
10.01.2020 18:45:40,13.24
10.01.2020 18:51:41,13.24
10.01.2020 18:57:42,13.24
10.01.2020 19:03:44,13.25
10.01.2020 19:09:44,13.25
10.01.2020 19:15:46,13.25
10.01.2020 19:21:48,13.25
10.01.2020 19:27:49,13.25
10.01.2020 19:33:50,13.25
10.01.2020 19:39:51,13.27
10.01.2020 19:45:51,13.28
10.01.2020 19:51:52,13.25
10.01.2020 19:57:53,13.27
10.01.2020 20:03:54,13.25
10.01.2020 20:09:56,13.27
10.01.2020 20:15:59,13.27
10.01.2020 20:22:00,13.27
10.01.2020 20:28:00,13.27
10.01.2020 20:34:02,13.28
10.01.2020 20:40:04,13.28
10.01.2020 20:46:06,13.28
10.01.2020 20:52:07,13.27
10.01.2020 20:58:07,13.28
10.01.2020 21:04:08,13.28
10.01.2020 21:10:10,13.29
10.01.2020 21:16:12,13.28
10.01.2020 21:22:12,13.29
10.01.2020 21:28:14,13.28
10.01.2020 21:34:15,13.28
10.01.2020 21:40:16,13.29
10.01.2020 21:46:18,13.29
10.01.2020 21:52:19,13.29
10.01.2020 21:58:20,13.31
10.01.2020 22:04:23,13.29
10.01.2020 22:10:23,13.29
10.01.2020 22:16:25,13.31
10.01.2020 22:22:26,13.31
10.01.2020 22:28:28,13.31
10.01.2020 22:34:29,13.32
10.01.2020 22:40:31,13.31
10.01.2020 22:46:31,13.31
10.01.2020 22:52:34,13.31
10.01.2020 22:58:34,13.32
10.01.2020 23:04:34,13.32
10.01.2020 23:10:36,13.32
10.01.2020 23:16:37,13.32
10.01.2020 23:22:38,13.33
10.01.2020 23:28:40,13.32
10.01.2020 23:34:42,13.33
10.01.2020 23:40:45,13.33
10.01.2020 23:46:45,13.33
10.01.2020 23:52:46,13.33
10.01.2020 23:58:48,13.34
11.01.2020 00:04:49,13.34
11.01.2020 00:10:51,13.33
11.01.2020 00:16:53,13.33
11.01.2020 00:22:54,13.34
11.01.2020 00:28:55,13.34
11.01.2020 00:34:58,13.34
11.01.2020 00:40:58,13.34
11.01.2020 00:47:01,13.34
11.01.2020 00:53:02,13.34
11.01.2020 00:59:02,13.34
11.01.2020 01:05:02,13.34
11.01.2020 01:11:06,13.34
11.01.2020 01:17:07,13.34
11.01.2020 01:23:09,13.34
11.01.2020 01:29:09,13.34
11.01.2020 01:35:13,13.34
11.01.2020 01:41:13,13.34
11.01.2020 01:47:14,13.34
11.01.2020 01:53:16,13.34
11.01.2020 01:59:18,13.34
11.01.2020 02:05:22,13.34
11.01.2020 02:11:24,13.34
11.01.2020 02:17:24,13.34
11.01.2020 02:23:27,13.34
11.01.2020 02:29:29,13.34
11.01.2020 02:35:31,13.34
11.01.2020 02:41:32,13.34
11.01.2020 02:47:31,13.34
11.01.2020 02:53:34,13.34
11.01.2020 02:59:36,13.34
11.01.2020 03:05:38,13.34
11.01.2020 03:11:40,13.34
11.01.2020 03:17:41,13.34
11.01.2020 03:23:42,13.34
11.01.2020 03:29:43,13.34
11.01.2020 03:35:44,13.34
11.01.2020 03:41:47,13.34
11.01.2020 03:47:47,13.34
11.01.2020 03:53:48,13.34
11.01.2020 03:59:51,13.34
11.01.2020 04:05:54,13.34
11.01.2020 04:11:56,13.34
11.01.2020 04:17:58,13.34
11.01.2020 04:23:58,13.34
11.01.2020 04:30:00,13.34
11.01.2020 04:36:02,13.34
11.01.2020 04:42:05,13.34
11.01.2020 04:48:07,13.34
11.01.2020 04:54:08,13.34
11.01.2020 05:00:08,13.34
11.01.2020 05:06:12,13.34
11.01.2020 05:12:11,13.34
11.01.2020 05:18:13,13.34
11.01.2020 05:24:15,13.34
11.01.2020 05:30:16,13.34
11.01.2020 05:36:18,13.34
11.01.2020 05:42:20,13.34
11.01.2020 05:48:23,13.34
11.01.2020 05:54:24,13.34
11.01.2020 06:00:27,13.34
11.01.2020 06:06:29,13.34
11.01.2020 06:12:30,13.34
11.01.2020 06:18:32,13.34
11.01.2020 06:24:33,13.34
11.01.2020 06:30:34,13.34
11.01.2020 06:36:35,13.34
11.01.2020 06:42:37,13.34
11.01.2020 06:48:40,13.34
11.01.2020 06:54:41,13.34
11.01.2020 07:00:43,13.34
11.01.2020 07:06:44,13.34
11.01.2020 07:12:47,13.34
11.01.2020 07:18:48,13.34
11.01.2020 07:24:50,13.34
11.01.2020 07:30:51,13.34
11.01.2020 07:36:53,13.34
11.01.2020 07:42:54,13.34
11.01.2020 07:48:57,13.34
11.01.2020 07:54:58,13.34
11.01.2020 08:00:58,13.34
11.01.2020 08:07:01,13.34
11.01.2020 08:13:03,13.34
11.01.2020 08:19:04,13.34
11.01.2020 08:25:04,13.34
11.01.2020 08:31:06,13.34
11.01.2020 08:37:07,13.34
11.01.2020 08:43:10,13.34
11.01.2020 08:49:11,13.34
11.01.2020 08:55:13,13.34
11.01.2020 09:01:15,13.34
11.01.2020 09:07:16,13.34
11.01.2020 09:13:20,13.34
11.01.2020 09:19:22,13.34
11.01.2020 09:25:23,13.34
11.01.2020 09:31:24,13.34
11.01.2020 09:37:26,13.34
11.01.2020 09:43:27,13.34
11.01.2020 09:49:27,13.34
11.01.2020 09:55:29,13.34
11.01.2020 10:01:33,13.34
11.01.2020 10:07:36,13.34
11.01.2020 16:41:27,12.68
11.01.2020 16:46:25,12.56
11.01.2020 16:51:50,12.54
11.01.2020 08:55:13,13.34
11.01.2020 09:01:15,13.34
11.01.2020 09:07:16,13.34
11.01.2020 09:13:20,13.34
11.01.2020 09:19:22,13.34
11.01.2020 09:25:23,13.34
11.01.2020 09:31:24,13.34
11.01.2020 09:37:26,13.34
11.01.2020 09:43:27,13.34
11.01.2020 09:49:27,13.34
11.01.2020 09:55:29,13.34
11.01.2020 10:01:33,13.34
11.01.2020 10:07:36,13.34
11.01.2020 16:41:27,12.68
11.01.2020 16:46:25,12.56
11.01.2020 16:51:50,12.54
11.01.2020 16:57:51,12.54
11.01.2020 17:03:51,12.52
11.01.2020 17:09:51,12.52
11.01.2020 17:12:54,12.52
11.01.2020 17:13:00,12.60
11.01.2020 17:15:52,12.51
11.01.2020 17:21:52,12.51
11.01.2020 17:27:55,12.51
11.01.2020 17:33:57,12.51
11.01.2020 17:39:58,12.46
11.01.2020 17:45:59,12.46
11.01.2020 17:48:17,12.46
11.01.2020 17:54:18,12.46
11.01.2020 18:00:18,12.46
11.01.2020 18:04:40,12.46
11.01.2020 18:05:44,12.46
11.01.2020 18:06:13,12.44
11.01.2020 18:10:42,12.46
11.01.2020 18:12:39,12.44
11.01.2020 18:12:55,12.46
11.01.2020 18:13:32,12.44
11.01.2020 18:14:46,12.46
11.01.2020 18:15:14,12.44
11.01.2020 18:16:06,12.44
11.01.2020 18:16:27,12.44
11.01.2020 18:16:55,12.44
11.01.2020 18:20:48,12.44
11.01.2020 18:23:56,12.46
11.01.2020 18:27:15,12.44
11.01.2020 18:29:57,12.46
11.01.2020 18:35:57,12.44
11.01.2020 18:41:59,12.44
11.01.2020 18:48:00,12.44
11.01.2020 18:54:01,12.44
11.01.2020 19:00:03,12.44
11.01.2020 19:06:05,12.44
11.01.2020 19:12:07,12.44
11.01.2020 19:18:08,12.44
11.01.2020 19:24:09,12.44
11.01.2020 19:30:10,12.44
11.01.2020 19:36:12,12.43
11.01.2020 19:42:12,12.44
11.01.2020 19:48:13,12.44
11.01.2020 19:54:13,12.44
11.01.2020 20:00:15,12.43
11.01.2020 20:06:17,12.43
11.01.2020 20:12:18,12.46
11.01.2020 20:18:20,12.43
11.01.2020 20:24:22,12.43
11.01.2020 20:30:24,12.43
11.01.2020 20:36:25,12.43
11.01.2020 20:42:27,12.43
11.01.2020 20:48:27,12.43
11.01.2020 20:54:27,12.43
11.01.2020 21:00:28,12.43
11.01.2020 21:06:28,12.42
11.01.2020 21:12:30,12.43
11.01.2020 21:18:33,12.43
11.01.2020 21:24:35,12.43
11.01.2020 21:30:36,12.43
11.01.2020 21:36:37,12.43
11.01.2020 21:42:39,12.43
11.01.2020 21:48:40,12.42
11.01.2020 21:54:42,12.42
11.01.2020 22:00:43,12.43
11.01.2020 22:06:45,12.43
11.01.2020 22:12:48,12.42
11.01.2020 22:18:50,12.42
11.01.2020 22:24:51,12.42
11.01.2020 22:30:53,12.42
11.01.2020 22:36:55,12.42
11.01.2020 22:42:58,12.42
11.01.2020 22:48:59,12.42
11.01.2020 22:55:01,12.42
11.01.2020 23:01:02,12.42
11.01.2020 23:07:03,12.42
11.01.2020 23:13:04,12.42
11.01.2020 23:19:05,12.41
11.01.2020 23:25:06,12.41
11.01.2020 23:31:07,12.41
11.01.2020 23:37:07,12.42
11.01.2020 23:43:08,12.42
11.01.2020 23:49:10,12.41
11.01.2020 23:55:12,12.42
12.01.2020 00:01:14,12.41
12.01.2020 00:07:15,12.42
12.01.2020 00:13:18,12.41
12.01.2020 00:16:40,12.38
12.01.2020 00:18:19,12.39
12.01.2020 00:19:18,12.47
12.01.2020 00:21:32,12.48
12.01.2020 00:25:19,12.50
12.01.2020 00:31:21,12.51
12.01.2020 00:37:22,12.52
12.01.2020 00:43:23,12.52
12.01.2020 00:49:25,12.54
12.01.2020 00:55:26,12.54
12.01.2020 01:01:29,12.52
12.01.2020 01:07:31,12.54
12.01.2020 01:13:31,12.54
12.01.2020 01:19:33,12.54
12.01.2020 01:25:33,12.54
12.01.2020 01:31:34,12.54
12.01.2020 01:37:35,12.54
12.01.2020 01:43:37,12.54
12.01.2020 01:49:39,12.54
12.01.2020 01:55:41,12.54
12.01.2020 02:01:43,12.52
12.01.2020 02:07:45,12.52
12.01.2020 02:13:47,12.54
12.01.2020 02:19:50,12.54
12.01.2020 02:25:51,12.54
12.01.2020 02:31:53,12.54
12.01.2020 02:37:56,12.54
12.01.2020 02:43:57,12.54
12.01.2020 02:49:58,12.55
12.01.2020 02:55:59,12.54
12.01.2020 03:02:00,12.54
12.01.2020 03:08:02,12.54
12.01.2020 03:14:03,12.54
12.01.2020 03:20:03,12.54
12.01.2020 03:26:05,12.52
12.01.2020 03:32:07,12.55
12.01.2020 03:38:09,12.54
12.01.2020 03:44:10,12.54
12.01.2020 03:50:12,12.54
12.01.2020 03:56:14,12.54
12.01.2020 04:02:15,12.54
12.01.2020 04:08:16,12.54
12.01.2020 04:14:17,12.54
12.01.2020 04:20:19,12.54
12.01.2020 04:26:21,12.54
12.01.2020 04:32:22,12.54
12.01.2020 04:38:24,12.54
12.01.2020 04:44:26,12.54
12.01.2020 04:50:27,12.54
12.01.2020 04:56:29,12.52
12.01.2020 05:02:29,12.52
12.01.2020 05:08:31,12.54
12.01.2020 05:14:32,12.52
12.01.2020 05:20:33,12.52
12.01.2020 05:26:35,12.54
12.01.2020 05:32:36,12.54
12.01.2020 05:38:38,12.54
12.01.2020 05:44:38,12.54
12.01.2020 05:50:40,12.54
12.01.2020 05:56:42,12.54
12.01.2020 06:02:44,12.52
12.01.2020 06:08:46,12.52
12.01.2020 06:14:46,12.54
12.01.2020 06:20:48,12.54
12.01.2020 06:26:50,12.54
12.01.2020 06:32:52,12.52
12.01.2020 06:38:54,12.54
12.01.2020 06:44:56,12.54
12.01.2020 06:50:57,12.54
12.01.2020 06:56:58,12.54
12.01.2020 07:02:59,12.54
12.01.2020 07:09:00,12.54
12.01.2020 07:15:01,12.54
12.01.2020 07:21:03,12.54
12.01.2020 07:27:04,12.54
12.01.2020 07:33:07,12.54
12.01.2020 07:39:09,12.54
12.01.2020 07:45:09,12.54
12.01.2020 07:51:10,12.52
12.01.2020 07:57:10,12.54
12.01.2020 08:03:11,12.54
12.01.2020 08:09:12,12.54
12.01.2020 08:15:12,12.52
12.01.2020 08:21:13,12.54
12.01.2020 08:27:13,12.52
12.01.2020 08:33:13,12.54
12.01.2020 08:39:14,12.54
12.01.2020 08:45:17,12.54
12.01.2020 08:51:17,12.54
12.01.2020 08:57:17,12.54
12.01.2020 09:03:17,12.54
12.01.2020 09:09:18,12.52
12.01.2020 09:15:20,12.54
12.01.2020 09:21:22,12.52
12.01.2020 09:27:24,12.52
12.01.2020 09:33:25,12.54
12.01.2020 09:39:26,12.52
12.01.2020 09:45:27,12.54
12.01.2020 09:51:28,12.52
12.01.2020 09:57:28,12.52
12.01.2020 10:03:31,12.52
12.01.2020 10:09:33,12.52
12.01.2020 10:15:33,12.54
12.01.2020 10:21:36,12.54
12.01.2020 10:27:37,12.52
12.01.2020 10:28:14,12.52
12.01.2020 10:29:07,12.52
12.01.2020 10:29:48,12.44
12.01.2020 10:30:13,12.44
12.01.2020 10:31:06,12.43
12.01.2020 10:35:49,12.39
12.01.2020 10:41:49,12.38
12.01.2020 10:47:51,12.38
12.01.2020 10:53:52,12.37
12.01.2020 10:59:53,12.37
12.01.2020 11:05:56,12.37
12.01.2020 11:11:58,12.37
12.01.2020 11:18:00,12.38
12.01.2020 11:24:01,12.37
12.01.2020 11:30:04,12.37
12.01.2020 11:36:04,12.37
12.01.2020 11:42:04,12.37
12.01.2020 11:48:04,12.37
12.01.2020 11:54:06,12.37
12.01.2020 12:00:07,12.37
12.01.2020 12:06:08,12.37
12.01.2020 12:12:10,12.37
12.01.2020 12:18:11,12.37
12.01.2020 12:24:12,12.37
12.01.2020 12:30:13,12.37
12.01.2020 12:36:23,12.37
12.01.2020 12:38:37,12.37
12.01.2020 12:42:27,12.37
12.01.2020 12:45:05,12.37
12.01.2020 12:45:08,12.37
12.01.2020 12:48:26,12.46
12.01.2020 12:54:28,12.47
12.01.2020 13:00:30,12.48
12.01.2020 13:06:32,12.50
12.01.2020 13:12:32,12.51
12.01.2020 13:18:35,12.50
12.01.2020 13:24:37,12.51
12.01.2020 13:30:40,12.51
12.01.2020 13:36:42,12.51
12.01.2020 13:42:42,12.51
12.01.2020 13:48:43,12.52
12.01.2020 13:54:43,12.51
12.01.2020 14:00:44,12.51
12.01.2020 14:06:46,12.52
12.01.2020 14:12:46,12.52
12.01.2020 14:18:47,12.51
12.01.2020 14:24:49,12.51
12.01.2020 14:30:50,12.52
12.01.2020 14:36:51,12.51
12.01.2020 14:42:52,12.52
12.01.2020 14:48:54,12.51
12.01.2020 14:54:54,12.52
12.01.2020 15:00:56,12.52
12.01.2020 15:06:57,12.52
12.01.2020 15:12:59,12.51
12.01.2020 15:18:59,12.52
12.01.2020 15:25:00,12.51
12.01.2020 15:31:02,12.52
12.01.2020 15:37:03,12.51
12.01.2020 15:43:05,12.52
12.01.2020 15:49:06,12.52
12.01.2020 15:55:07,12.52
12.01.2020 16:01:09,12.52
12.01.2020 16:07:12,12.51
12.01.2020 16:13:13,12.52
12.01.2020 16:19:15,12.52
12.01.2020 16:25:16,12.51
12.01.2020 16:27:45,12.52
12.01.2020 16:28:00,12.43
12.01.2020 16:31:19,12.41
12.01.2020 16:37:21,12.38
12.01.2020 16:43:22,12.44
12.01.2020 16:49:23,12.44
12.01.2020 16:51:47,12.38
12.01.2020 16:52:02,12.39
12.01.2020 16:55:16,12.39
12.01.2020 16:55:24,12.39
12.01.2020 16:55:27,12.39
12.01.2020 16:55:41,12.39
12.01.2020 16:55:47,12.41
12.01.2020 16:56:51,12.39
12.01.2020 16:59:05,12.41
12.01.2020 17:01:26,12.41
12.01.2020 17:07:28,12.39
12.01.2020 17:13:28,12.39
12.01.2020 17:19:30,12.41
12.01.2020 17:25:33,12.39
12.01.2020 17:31:35,12.41
12.01.2020 17:37:36,12.41
12.01.2020 17:43:39,12.34
12.01.2020 17:49:28,12.34
12.01.2020 17:49:51,12.34
12.01.2020 17:51:38,12.34
12.01.2020 17:55:53,12.33
12.01.2020 18:01:55,12.34
12.01.2020 18:07:56,12.34
